-- phpMyAdmin SQL Dump
-- version 5.2.1
-- https://www.phpmyadmin.net/
--
-- Host: 127.0.0.1
-- Generation Time: Oct 16, 2023 at 12:03 PM
-- Server version: 10.4.28-MariaDB
-- PHP Version: 8.0.28

SET SQL_MODE = "NO_AUTO_VALUE_ON_ZERO";
START TRANSACTION;
SET time_zone = "+00:00";


/*!40101 SET @OLD_CHARACTER_SET_CLIENT=@@CHARACTER_SET_CLIENT */;
/*!40101 SET @OLD_CHARACTER_SET_RESULTS=@@CHARACTER_SET_RESULTS */;
/*!40101 SET @OLD_COLLATION_CONNECTION=@@COLLATION_CONNECTION */;
/*!40101 SET NAMES utf8mb4 */;

--
-- Database: `dbsiakad`
--

-- --------------------------------------------------------

--
-- Table structure for table `matkul`
--

CREATE TABLE `matkul` (
  `idmtk` varchar(15) NOT NULL COMMENT 'kode matakuliah',
  `idkurmtk` varchar(15) NOT NULL COMMENT 'id kurikulum',
  `namamtk` varchar(50) NOT NULL COMMENT 'nama mata kuliah',
  `idprodimtk` varchar(15) NOT NULL COMMENT 'id program studi',
  `smsmtk` varchar(1) NOT NULL COMMENT 'semester ditawarkan',
  `sksmtk` int(1) NOT NULL COMMENT 'satuan kredit semester - Sks',
  `jnsmtk` varchar(15) NOT NULL COMMENT 'jenis matakuliah',
  `jnssms` varchar(1) NOT NULL COMMENT 'jenis semester (1=gasal 2=genap)',
  `tipemtk` varchar(1) NOT NULL COMMENT 'tipe matakuliah (w=wajib p=pilihan)',
  `nilailulus` varchar(2) NOT NULL COMMENT 'nilai minimal lulus matakuliah',
  `kodemtkpddikti` varchar(40) NOT NULL COMMENT 'kode Mtk pddikti'
) ENGINE=InnoDB DEFAULT CHARSET=latin1 COLLATE=latin1_swedish_ci COMMENT='mata kuliah';

--
-- Dumping data for table `matkul`
--

INSERT INTO `matkul` (`idmtk`, `idkurmtk`, `namamtk`, `idprodimtk`, `smsmtk`, `sksmtk`, `jnsmtk`, `jnssms`, `tipemtk`, `nilailulus`, `kodemtkpddikti`) VALUES
('MBB-054801', '01', 'Praktek Pelayanan', '77201', '8', 4, '', '2', 'W', 'D', ''),
('MBB-054802', '01', 'Skripsi', '77201', '8', 6, '', '2', 'W', 'C', ''),
('MKB-052403', '01', 'Teologi PL I', '77201', '4', 2, '', '2', 'W', 'D', ''),
('MKB-052404', '01', 'Teologi PB I', '77201', '4', 2, '', '2', 'W', 'D', ''),
('MKB-052410', '01', 'Etika', '77201', '4', 2, '', '2', 'W', 'D', ''),
('MKB-053503', '01', 'Teologi PL II', '77201', '5', 2, '', '1', 'W', 'D', ''),
('MKB-053504', '01', 'Teologi PB II', '77201', '5', 2, '', '1', 'W', 'D', ''),
('MKB-053507', '01', 'Sejarah Pemikiran Reformasi', '77201', '5', 2, '', '1', 'P', 'D', ''),
('MKB-053508', '01', 'Sejarah & Teologi PAK', '77201', '5', 2, '', '1', 'P', 'D', ''),
('MKB-053608', '01', 'Apologetika Kristen', '77201', '6', 2, '', '2', 'P', 'D', ''),
('Mkb-053611', '01', 'Enterpreneurship', '77201', '6', 2, '', '2', 'W', 'D', ''),
('MKB-054701', '01', 'Teologi Modern', '77201', '6', 2, '', '1', 'P', 'C', ''),
('MKB-054702', '01', 'Integrasi Teologi & Psikologi', '77201', '7', 2, '', '1', 'P', 'D', ''),
('MKB-054703', '01', 'Teologi Agama-agama', '77201', '7', 2, '', '1', 'P', 'D', ''),
('MKK-051101', '01', 'Tafsir PL (Eksposisi Kejadian s/d Ulangan)', '77201', '1', 2, '', '1', 'W', 'D', ''),
('MKK-051102', '01', 'Tafsir PB (Eksposisi Injil-injil)', '77201', '1', 2, '', '1', 'W', 'D', ''),
('MKK-051103', '01', 'Pembimbing Teologi Sistematika', '77201', '1', 2, '', '1', 'W', 'D', ''),
('MKK-051104', '01', 'Doktrin Manusia, Dosa & Keselamatan', '77201', '1', 2, '', '1', 'P', 'D', ''),
('MKK-051105', '01', 'Pembimbing & Pengetahuan PL', '77201', '1', 3, '', '1', 'W', 'D', ''),
('MKK-051106', '01', 'Pembimbing & Pengetahuan PB', '77201', '1', 3, '', '1', 'W', 'D', ''),
('MKK-051107', '01', 'Hermeneutika', '77201', '1', 2, '', '1', 'W', 'D', ''),
('MKK-051201', '01', 'Eskposisi Kitab-kitab Sejarah', '77201', '2', 2, '', '2', 'P', 'D', ''),
('MKK-051202', '01', 'Eksposisi Kisah Para Rasul', '77201', '2', 2, '', '2', 'P', 'D', ''),
('MKK-051203', '01', 'Doktrin Allah & Alkitab', '77201', '2', 2, '', '2', 'P', 'D', ''),
('MKK-051204', '01', 'Doktrin Malaikat & Iblis', '77201', '2', 2, '', '2', 'P', 'D', ''),
('MKK-051205', '01', 'Introduksi PL', '77201', '2', 2, '', '2', 'P', 'D', ''),
('MKK-051207', '01', 'Introduksi PB', '77201', '2', 2, '', '2', 'P', 'D', ''),
('MKK-051209', '01', 'Hermeneutika Lanjutan', '77201', '2', 2, '', '2', 'P', 'D', ''),
('MKK-052301', '01', 'Eksposisi Kitab-kitab Syair/Puisi', '77201', '3', 2, '', '1', 'P', 'D', ''),
('MKK-052302', '01', 'Eksposisi Roma & Ibrani', '77201', '3', 2, '', '1', 'P', 'D', ''),
('MKK-052303', '01', 'Kristologi', '77201', '3', 2, '', '1', 'P', 'D', ''),
('MKK-052304', '01', 'Doktrin Gereja & Roh Kudus', '77201', '3', 2, '', '1', 'P', 'D', ''),
('MKK-052401', '01', 'Eksposisi Nabi-nabi Besar', '77201', '4', 2, '', '2', 'P', 'D', ''),
('MKK-052402', '01', 'Eksposisi Korintus s/d Kolose', '77201', '4', 2, '', '2', 'P', 'D', ''),
('MKK-052405', '01', 'Doktrin Akhir Zaman', '77201', '4', 2, '', '1', 'P', 'D', ''),
('MKK-053501', '01', 'Eksposisi Nabi-nabi Kecil', '77201', '5', 2, '', '1', 'P', 'D', ''),
('MKK-053502', '01', 'Eksposisi Tesalonika & Wahyu', '77201', '5', 2, '', '2', 'P', 'D', ''),
('MKK-053505', '01', 'Bahasa Ibrani', '77201', '5', 3, '', '1', 'W', 'D', ''),
('MKK-053506', '01', 'Bahasa Yunani', '77201', '5', 3, '', '1', 'W', 'D', ''),
('MKK-053601', '01', 'Eksposisi Timotius s/d Filemon', '77201', '6', 2, '', '2', 'P', 'D', ''),
('MKK-053602', '01', 'Eksposisi Yakobus s/d Yudas', '77201', '6', 2, '', '2', 'P', 'D', ''),
('MKK-053603', '01', 'Bahasa Ibrani Lanjutan', '77201', '6', 3, '', '2', 'P', 'D', ''),
('MKK-053604', '01', 'Bahasa Yunani Lanjutan', '77201', '6', 3, '', '2', 'P', 'D', ''),
('MKK-053610', '01', 'Filsafat Umum', '77201', '6', 2, '', '1', 'W', 'D', ''),
('MPB-052305', '01', 'Homelitika', '77201', '3', 2, '', '1', 'W', 'D', ''),
('MPB-052308', '01', 'Pembinaan Warga Gereja', '77201', '3', 2, '', '1', 'W', 'D', ''),
('MPB-052309', '01', 'Pertumbuhan Gereja', '77201', '3', 2, '', '2', 'P', 'D', ''),
('MPB-052406', '01', 'Khotbah Ekspositori', '77201', '4', 2, '', '2', 'P', 'D', ''),
('MPB-052407', '01', 'Sejarah Gereja Umum', '77201', '4', 2, '', '1', 'W', 'D', ''),
('MPB-052408', '01', 'Pastoral', '77201', '4', 2, '', '2', 'W', 'D', ''),
('MPB-052409', '01', 'Konseling Kristen', '77201', '4', 2, '', '2', 'P', 'D', ''),
('MPB-053605', '01', 'Sejarah Gereja Indonesia', '77201', '6', 2, '', '2', 'W', 'D', ''),
('MPB-053606', '01', 'Oikumenika', '77201', '6', 2, '', '2', 'W', 'D', ''),
('MPB-053607', '01', 'Misiologi', '77201', '6', 2, '', '2', 'W', 'D', ''),
('MPB-053609', '01', 'Teori Mengajar', '77201', '6', 2, '', '2', 'P', 'D', ''),
('MPB-054704', '01', 'Kepemimpinan Kristen', '77201', '7', 2, '', '1', 'W', 'D', ''),
('MPB-054705', '01', 'Penatalayanan Kristen', '77201', '7', 2, '', '1', 'P', 'D', ''),
('MPB-054706', '01', 'Masalah-masalah Kepribadian dalam Pelayanan', '77201', '7', 2, '', '1', 'P', 'D', ''),
('MPB-054707', '01', 'Liturgika', '77201', '7', 2, '', '1', 'W', 'D', ''),
('MPB-054710', '01', 'Musik Gereja & Paduan Suara', '77201', '7', 2, '', '1', 'P', 'C', ''),
('MPK-051108', '01', 'Psikologi Umum', '77201', '1', 2, '', '2', 'W', 'D', ''),
('MPK-051109', '01', 'Metode Menulis Makalah', '77201', '1', 2, '', '1', 'P', 'D', ''),
('MPK-051110', '01', 'Bahasa Inggris', '77201', '1', 2, '', '1', 'W', 'D', ''),
('MPK-051210', '01', 'Psikologi Perkembangan', '77201', '2', 2, '', '1', 'P', 'D', ''),
('MPK-051211', '01', 'Bahasa Inggris Lanjutan', '77201', '2', 2, '', '2', 'P', 'D', ''),
('MPK-052306', '01', 'Komunikasi', '77201', '3', 2, '', '1', 'W', 'D', ''),
('MPK-052307', '01', 'Psikologi Pendidikan', '77201', '3', 2, '', '1', 'P', 'D', ''),
('MPK-052310', '01', 'Logika', '77201', '3', 2, '', '1', 'W', 'D', ''),
('MPK-052311', '01', 'Bahasa Indonesia', '77201', '3', 2, '', '1', 'W', 'D', ''),
('MPK-052313', '01', 'Anti Korupsi', '77201', '1', 2, '', '1', 'W', 'C', ''),
('MPK-052314', '01', 'Teknologi Informasi', '77201', '2', 2, '', '2', 'W', 'C', ''),
('MPK-052411', '01', 'Pendidikan Kewarganegaraan', '77201', '4', 2, '', '2', 'W', 'D', ''),
('MPK-053509', '01', 'Sosiologi', '77201', '5', 2, '', '2', 'W', 'D', ''),
('MPK-054710', '01', 'Metode Penelitian', '77201', '7', 2, '', '1', 'W', 'D', '');

-- --------------------------------------------------------

--
-- Table structure for table `mdosen`
--

CREATE TABLE `mdosen` (
  `iddosen` varchar(10) NOT NULL COMMENT 'id dosen',
  `namadosen` varchar(50) NOT NULL COMMENT 'nama dosen tanpa gelar',
  `gelardepan` varchar(5) NOT NULL COMMENT 'gelar depan',
  `gelarbelakang` varchar(10) NOT NULL COMMENT 'gelar belakang',
  `namalengkap` varchar(50) NOT NULL COMMENT 'nama lengkap dengan gelar',
  `tgllhrdosen` date NOT NULL COMMENT 'tanggal lahir dosen',
  `nomornidn` varchar(20) NOT NULL COMMENT 'nomor nidn',
  `idprodidosen` varchar(15) NOT NULL COMMENT 'id program studi',
  `statusdosen` varchar(1) NOT NULL COMMENT 'status dosen (t=tetap l=tidak-tetap a=asn p=prakts',
  `nomorwa` varchar(20) NOT NULL COMMENT 'nomor hp/wa',
  `emailpt` varchar(40) NOT NULL COMMENT 'email Pt',
  `emailpribadi` varchar(40) NOT NULL COMMENT 'email pribadi',
  `alamattinggal` varchar(100) NOT NULL COMMENT 'alamat tinggal',
  `stataktdsn` varchar(1) NOT NULL COMMENT 'status aktif dosen (a,n,cuti,tugas-belajar)'
) ENGINE=InnoDB DEFAULT CHARSET=latin1 COLLATE=latin1_swedish_ci COMMENT='biodata dosen';

-- --------------------------------------------------------

--
-- Table structure for table `mdsnmtk`
--

CREATE TABLE `mdsnmtk` (
  `iddosenmtk` varchar(10) NOT NULL COMMENT 'id dosen',
  `idmtkdsn` varchar(15) NOT NULL COMMENT 'id mata kuliah'
) ENGINE=InnoDB DEFAULT CHARSET=latin1 COLLATE=latin1_swedish_ci COMMENT='matakuliah yang diampu dosen';

-- --------------------------------------------------------

--
-- Table structure for table `mfakul`
--

CREATE TABLE `mfakul` (
  `idfak` varchar(10) NOT NULL COMMENT 'id fakultas',
  `namafak` varchar(50) NOT NULL COMMENT 'nama fakultas',
  `urutfak` int(2) NOT NULL COMMENT 'nomor urut fakultas',
  `iddosendekan` varchar(10) DEFAULT NULL COMMENT 'dekan fakultas'
) ENGINE=InnoDB DEFAULT CHARSET=latin1 COLLATE=latin1_swedish_ci COMMENT='fakultas';

--
-- Dumping data for table `mfakul`
--

INSERT INTO `mfakul` (`idfak`, `namafak`, `urutfak`, `iddosendekan`) VALUES
('01', 'STT SKRIPTURA', 1, NULL);

-- --------------------------------------------------------

--
-- Table structure for table `mhiden`
--

CREATE TABLE `mhiden` (
  `idnim` varchar(15) NOT NULL COMMENT 'nomor induk mahasiswa',
  `semesterawal` varchar(15) NOT NULL COMMENT 'semester awal masuk',
  `batassemester` varchar(15) NOT NULL COMMENT 'batas semester lulus',
  `tglmasuk` date NOT NULL COMMENT 'tanggal masuk',
  `statpindah` varchar(1) NOT NULL COMMENT 'status pindahan',
  `skspindah` int(3) NOT NULL COMMENT 'jumlah Sks pindahan',
  `judulskripsi` varchar(200) NOT NULL COMMENT 'judul skripsi',
  `predikat` varchar(1) NOT NULL COMMENT 'predikat kelulusan',
  `tgllulus` date NOT NULL COMMENT 'tanggal kelulusan',
  `nomorijasah` varchar(20) NOT NULL COMMENT 'nomor ijasah'
) ENGINE=InnoDB DEFAULT CHARSET=latin1 COLLATE=latin1_swedish_ci COMMENT='data pendukung';

--
-- Dumping data for table `mhiden`
--

INSERT INTO `mhiden` (`idnim`, `semesterawal`, `batassemester`, `tglmasuk`, `statpindah`, `skspindah`, `judulskripsi`, `predikat`, `tgllulus`, `nomorijasah`) VALUES
('06772010001', '20052', '20132', '0000-00-00', '', 0, '', '', '0000-00-00', ''),
('06772010002', '20052', '20131', '0000-00-00', '', 0, '', '', '0000-00-00', ''),
('06772010003', '20052', 'none', '0000-00-00', '', 0, '', '', '0000-00-00', ''),
('06772010004', '20052', 'none', '0000-00-00', '', 0, '', '', '0000-00-00', ''),
('06772010005', '20052', 'none', '0000-00-00', '', 0, '', '', '0000-00-00', ''),
('06772010006', '20052', 'none', '0000-00-00', '', 0, '', '', '0000-00-00', ''),
('06772010007', '20052', '20131', '0000-00-00', '', 0, '', '', '0000-00-00', ''),
('06772010008', '20052', '20131', '0000-00-00', '', 0, '', '', '0000-00-00', ''),
('06772010009', '20052', '20142', '0000-00-00', '', 0, '', '', '0000-00-00', 'S-1/06-14/25/009/201'),
('06772010010', '20052', '20142', '0000-00-00', '', 0, '', '', '0000-00-00', 'S-1/06-14/27/010/201'),
('06772010011', '20052', '20131', '0000-00-00', '', 0, '', '', '0000-00-00', ''),
('06772010012', '20052', '20142', '0000-00-00', '', 0, '', '', '0000-00-00', 'S-1/06-14/26/012/201'),
('06772010013', '20052', '20142', '0000-00-00', '', 0, '', '', '0000-00-00', 'S-1/06-14/11/013/201'),
('06772010014', '20052', '20142', '0000-00-00', '', 0, '', '', '0000-00-00', 'S-1/06-14/08/014/201'),
('07772010015', '20071', '20142', '0000-00-00', '', 0, '', '', '0000-00-00', 'S-1/07-14/18/015/201'),
('07772010016', '20071', '20142', '0000-00-00', '', 0, '', '', '0000-00-00', 'S-1/07-14/19/016/201'),
('07772010017', '20071', '20142', '0000-00-00', '', 0, '', '', '0000-00-00', 'S-1/07-14/15/017/201'),
('07772010018', '20071', '20142', '0000-00-00', '', 0, '', '', '0000-00-00', 'S-1/07-14/14/018/201'),
('07772010019', '20062', 'none', '0000-00-00', '', 0, '', '', '0000-00-00', ''),
('07772010020', '20071', '20142', '0000-00-00', '', 0, '', '', '0000-00-00', 'S-1/07-14/13/020/201'),
('07772010021', '20062', '20142', '0000-00-00', '', 0, '', '', '0000-00-00', 'S-1/07-14/28/021/201'),
('07772010022', '20062', 'none', '0000-00-00', '', 0, '', '', '0000-00-00', ''),
('07772010023', '20071', '20142', '0000-00-00', '', 0, '', '', '0000-00-00', 'S-1/07-14/17/023/201'),
('07772010024', '20062', '20131', '0000-00-00', '', 0, '', '', '0000-00-00', ''),
('07772010025', '20062', 'none', '0000-00-00', '', 0, '', '', '0000-00-00', ''),
('07772010026', '20062', 'none', '0000-00-00', '', 0, '', '', '0000-00-00', ''),
('07772010027', '20062', '20142', '0000-00-00', '', 0, '', '', '0000-00-00', 'S-1/07-14/09/027/201'),
('07772010028', '20071', '20142', '0000-00-00', '', 0, '', '', '0000-00-00', 'S-1/07-14/16/028/201'),
('08772010029', '20072', '20132', '0000-00-00', '', 0, '', '', '0000-00-00', 'S-1/08-14/10/029/201'),
('08772010030', '20072', '20132', '0000-00-00', '', 0, '', '', '0000-00-00', 'D-3/08-14/09/030/201'),
('08772010031', '20072', 'none', '0000-00-00', '', 0, '', '', '0000-00-00', ''),
('08772010032', '20072', 'none', '0000-00-00', '', 0, '', '', '0000-00-00', ''),
('08772010033', '20072', 'none', '0000-00-00', '', 0, '', '', '0000-00-00', ''),
('08772010034', '20072', 'none', '0000-00-00', '', 0, '', '', '0000-00-00', ''),
('08772010035', '20072', '20142', '0000-00-00', '', 0, '', '', '0000-00-00', 'S-1/08-14/22/035/201'),
('08772010036', '20072', '20142', '0000-00-00', '', 0, '', '', '0000-00-00', 'S-1/08-14/12/036/201'),
('08772010037', '20072', '20142', '0000-00-00', '', 0, '', '', '0000-00-00', 'S-1/08-14/21/037/201'),
('08772010038', '20072', '20142', '0000-00-00', '', 0, '', '', '0000-00-00', 'S-1/08-14/24/038/201'),
('08772010039', '20072', '20142', '0000-00-00', '', 0, '', '', '0000-00-00', 'S-1/08-14/23/039/201'),
('08772010040', '20072', '20142', '0000-00-00', '', 0, '', '', '0000-00-00', 'S-1/08-14/20/040/201'),
('09772010041', '20082', 'none', '0000-00-00', '', 0, '', '', '0000-00-00', ''),
('09772010042', '20082', 'none', '0000-00-00', '', 0, '', '', '0000-00-00', ''),
('09772010043', '20082', 'none', '0000-00-00', '', 0, '', '', '0000-00-00', ''),
('09772010044', '20091', 'none', '0000-00-00', '', 0, '', '', '0000-00-00', ''),
('09772010045', '20091', 'none', '0000-00-00', '', 0, '', '', '0000-00-00', ''),
('09772010046', '20091', 'none', '0000-00-00', '', 0, '', '', '0000-00-00', ''),
('09772010047', '20082', 'none', '0000-00-00', '', 0, '', '', '0000-00-00', ''),
('09772010048', '20082', 'none', '0000-00-00', '', 0, '', '', '0000-00-00', ''),
('09772010049', '20082', 'none', '0000-00-00', '', 0, '', '', '0000-00-00', ''),
('09772010050', '20082', 'none', '0000-00-00', '', 0, '', '', '0000-00-00', ''),
('09772010051', '20082', 'none', '0000-00-00', '', 0, '', '', '0000-00-00', ''),
('09772010052', '20082', 'none', '0000-00-00', '', 0, '', '', '0000-00-00', ''),
('09772010053', '20082', 'none', '0000-00-00', '', 0, '', '', '0000-00-00', ''),
('09772010054', '20082', 'none', '0000-00-00', '', 0, '', '', '0000-00-00', ''),
('10772010055', '20092', 'none', '0000-00-00', '', 0, '', '', '0000-00-00', ''),
('10772010056', '20092', 'none', '0000-00-00', '', 0, '', '', '0000-00-00', ''),
('10772010057', '20101', 'none', '0000-00-00', '', 0, '', '', '0000-00-00', ''),
('10772010058', '20092', 'none', '0000-00-00', '', 0, '', '', '0000-00-00', ''),
('10772010059', '20092', 'none', '0000-00-00', '', 0, '', '', '0000-00-00', ''),
('10772010060', '20092', 'none', '0000-00-00', '', 0, '', '', '0000-00-00', 'D-2/10-14/10/060/201'),
('10772010061', '20092', 'none', '0000-00-00', '', 0, '', '', '0000-00-00', ''),
('10772010062', '20092', 'none', '0000-00-00', '', 0, '', '', '0000-00-00', ''),
('10772010063', '20092', 'none', '0000-00-00', '', 0, '', '', '0000-00-00', ''),
('10772010064', '20092', 'none', '0000-00-00', '', 0, '', '', '0000-00-00', ''),
('10772010065', '20092', 'none', '0000-00-00', '', 0, '', '', '0000-00-00', ''),
('10772010066', '20092', 'none', '0000-00-00', '', 0, '', '', '0000-00-00', ''),
('10772010067', '20092', 'none', '0000-00-00', '', 0, '', '', '0000-00-00', ''),
('10772010068', '20092', 'none', '0000-00-00', '', 0, '', '', '0000-00-00', ''),
('10772010069', '20092', '20172', '0000-00-00', '', 0, '', '', '0000-00-00', ''),
('10772010070', '20092', 'none', '0000-00-00', '', 0, '', '', '0000-00-00', ''),
('10772010071', '20092', 'none', '0000-00-00', '', 0, '', '', '0000-00-00', ''),
('12772010072', '20102', 'none', '0000-00-00', '', 0, '', '', '0000-00-00', ''),
('12772010073', '20102', 'none', '0000-00-00', '', 0, '', '', '0000-00-00', ''),
('12772010074', '20102', 'none', '0000-00-00', '', 0, '', '', '0000-00-00', ''),
('12772010075', '20102', 'none', '0000-00-00', '', 0, '', '', '0000-00-00', ''),
('12772010076', '20102', 'none', '0000-00-00', '', 0, '', '', '0000-00-00', ''),
('12772010077', '20102', 'none', '0000-00-00', '', 0, '', '', '0000-00-00', ''),
('12772010078', '20102', 'none', '0000-00-00', '', 0, '', '', '0000-00-00', ''),
('12772010079', '20102', 'none', '0000-00-00', '', 0, '', '', '0000-00-00', ''),
('12772010080', '20102', 'none', '0000-00-00', '', 0, '', '', '0000-00-00', ''),
('12772010081', '20102', 'none', '0000-00-00', '', 0, '', '', '0000-00-00', ''),
('12772010082', '20102', 'none', '0000-00-00', '', 0, '', '', '0000-00-00', ''),
('12772010083', '20111', 'none', '0000-00-00', '', 0, '', '', '0000-00-00', ''),
('12772010084', '20102', 'none', '0000-00-00', '', 0, '', '', '0000-00-00', ''),
('12772010085', '20102', 'none', '0000-00-00', '', 0, '', '', '0000-00-00', ''),
('13772010086', '20131', 'none', '0000-00-00', '', 0, '', '', '0000-00-00', ''),
('13772010087', '20112', 'none', '0000-00-00', '', 0, '', '', '0000-00-00', ''),
('13772010088', '20121', 'none', '0000-00-00', '', 0, '', '', '0000-00-00', ''),
('13772010091', '20112', 'none', '0000-00-00', '', 0, '', '', '0000-00-00', ''),
('13772010092', '20112', 'none', '0000-00-00', '', 0, '', '', '0000-00-00', ''),
('13772010093', '20112', 'none', '0000-00-00', '', 0, '', '', '0000-00-00', ''),
('13772010094', '20122', 'none', '0000-00-00', '', 0, '', '', '0000-00-00', ''),
('13772010095', '20131', 'none', '0000-00-00', '', 0, '', '', '0000-00-00', ''),
('13772010096', '20122', 'none', '0000-00-00', '', 0, '', '', '0000-00-00', ''),
('13772010098', '20122', 'none', '0000-00-00', '', 0, '', '', '0000-00-00', ''),
('13772010099', '20122', 'none', '0000-00-00', '', 0, '', '', '0000-00-00', ''),
('13772010100', '20122', 'none', '0000-00-00', '', 0, '', '', '0000-00-00', ''),
('13772010101', '20122', 'none', '0000-00-00', '', 0, '', '', '0000-00-00', ''),
('13772010102', '20122', 'none', '0000-00-00', '', 0, '', '', '0000-00-00', ''),
('13772010103', '20122', 'none', '0000-00-00', '', 0, '', '', '0000-00-00', ''),
('13772010104', '20122', 'none', '0000-00-00', '', 0, '', '', '0000-00-00', ''),
('13772010105', '20122', 'none', '0000-00-00', '', 0, '', '', '0000-00-00', ''),
('13772010106', '20122', 'none', '0000-00-00', '', 0, '', '', '0000-00-00', ''),
('13772010107', '20122', 'none', '0000-00-00', '', 0, '', '', '0000-00-00', ''),
('13772010108', '20122', 'none', '0000-00-00', '', 0, '', '', '0000-00-00', ''),
('13772010109', '20122', '20132', '0000-00-00', '', 0, '', '', '0000-00-00', ''),
('13772010111', '20131', 'none', '0000-00-00', '', 0, '', '', '0000-00-00', ''),
('14772010112', '20141', 'none', '0000-00-00', '', 0, '', '', '0000-00-00', 'S-1/014-18/046/112/2'),
('14772010113', '20141', '20142', '0000-00-00', '', 0, '', '', '0000-00-00', ''),
('14772010114', '20141', '20142', '0000-00-00', '', 0, '', '', '0000-00-00', ''),
('14772010115', '20141', '20142', '0000-00-00', '', 0, '', '', '0000-00-00', ''),
('14772010116', '20141', '20142', '0000-00-00', '', 0, '', '', '0000-00-00', ''),
('15772010118', '20151', 'none', '0000-00-00', '', 0, '', '', '0000-00-00', ''),
('15772010119', '20151', 'none', '0000-00-00', '', 0, '', '', '0000-00-00', ''),
('15772010120', '20151', 'none', '0000-00-00', '', 0, '', '', '0000-00-00', ''),
('15772010121', '20151', 'none', '0000-00-00', '', 0, '', '', '0000-00-00', ''),
('15772010123', '20151', 'none', '0000-00-00', '', 0, '', '', '0000-00-00', ''),
('15772010124', '20151', 'none', '0000-00-00', '', 0, '', '', '0000-00-00', ''),
('15772010125', '20151', 'none', '0000-00-00', '', 0, '', '', '0000-00-00', ''),
('15772010128', '20151', 'none', '0000-00-00', '', 0, '', '', '0000-00-00', ''),
('15772010131', '20151', 'none', '0000-00-00', '', 0, '', '', '0000-00-00', ''),
('15772010138', '20151', 'none', '0000-00-00', '', 0, '', '', '0000-00-00', ''),
('15772010139', '20151', 'none', '0000-00-00', '', 0, '', '', '0000-00-00', ''),
('16772010140', '20152', 'none', '0000-00-00', '', 0, '', '', '0000-00-00', ''),
('16772010141', '20161', 'none', '0000-00-00', '', 0, '', '', '0000-00-00', ''),
('16772010142', '20161', 'none', '0000-00-00', '', 0, '', '', '0000-00-00', ''),
('16772010143', '20161', 'none', '0000-00-00', '', 0, '', '', '0000-00-00', ''),
('16772010144', '20152', 'none', '0000-00-00', '', 0, '', '', '0000-00-00', ''),
('16772010145', '20161', 'none', '0000-00-00', '', 0, '', '', '0000-00-00', ''),
('16772010146', '20161', 'none', '0000-00-00', '', 0, '', '', '0000-00-00', ''),
('16772010147', '20161', 'none', '0000-00-00', '', 0, '', '', '0000-00-00', ''),
('16772010148', '20161', 'none', '0000-00-00', '', 0, '', '', '0000-00-00', ''),
('16772010149', '20161', 'none', '0000-00-00', '', 0, '', '', '0000-00-00', ''),
('16772010150', '20161', 'none', '0000-00-00', '', 0, '', '', '0000-00-00', ''),
('16772010151', '20161', 'none', '0000-00-00', '', 0, '', '', '0000-00-00', ''),
('16772010152', '20161', 'none', '0000-00-00', '', 0, '', '', '0000-00-00', ''),
('16772010153', '20161', 'none', '0000-00-00', '', 0, '', '', '0000-00-00', ''),
('16772010154', '20161', 'none', '0000-00-00', '', 0, '', '', '0000-00-00', ''),
('16772010157', '20161', 'none', '0000-00-00', '', 0, '', '', '0000-00-00', ''),
('16772010159', '20161', 'none', '0000-00-00', '', 0, '', '', '0000-00-00', ''),
('16772010160', '20161', 'none', '0000-00-00', '', 0, '', '', '0000-00-00', ''),
('16772010161', '20161', 'none', '0000-00-00', '', 0, '', '', '0000-00-00', ''),
('16772010162', '20161', 'none', '0000-00-00', '', 0, '', '', '0000-00-00', ''),
('16772010163', '20161', 'none', '0000-00-00', '', 0, '', '', '0000-00-00', ''),
('16772010164', '20161', 'none', '0000-00-00', '', 0, '', '', '0000-00-00', ''),
('16772010165', '20161', 'none', '0000-00-00', '', 0, '', '', '0000-00-00', ''),
('16772010197', '20161', 'none', '0000-00-00', '', 0, '', '', '0000-00-00', ''),
('16772010198', '20161', 'none', '0000-00-00', '', 0, '', '', '0000-00-00', ''),
('16772010199', '20161', 'none', '0000-00-00', '', 0, '', '', '0000-00-00', ''),
('16772010200', '20161', 'none', '0000-00-00', '', 0, '', '', '0000-00-00', ''),
('16772010201', '20161', 'none', '0000-00-00', '', 0, '', '', '0000-00-00', ''),
('16772010202', '20161', 'none', '0000-00-00', '', 0, '', '', '0000-00-00', ''),
('16772010203', '20161', 'none', '0000-00-00', '', 0, '', '', '0000-00-00', ''),
('16772010204', '20161', 'none', '0000-00-00', '', 0, '', '', '0000-00-00', ''),
('16772010205', '20161', 'none', '0000-00-00', '', 0, '', '', '0000-00-00', ''),
('16772010206', '20161', 'none', '0000-00-00', '', 0, '', '', '0000-00-00', ''),
('16772010207', '20161', 'none', '0000-00-00', '', 0, '', '', '0000-00-00', ''),
('16772010208', '20161', 'none', '0000-00-00', '', 0, '', '', '0000-00-00', ''),
('16772010209', '20161', 'none', '0000-00-00', '', 0, '', '', '0000-00-00', ''),
('16772010210', '20161', 'none', '0000-00-00', '', 0, '', '', '0000-00-00', ''),
('16772010211', '20161', 'none', '0000-00-00', '', 0, '', '', '0000-00-00', ''),
('16772010212', '20161', 'none', '0000-00-00', '', 0, '', '', '0000-00-00', ''),
('16772010213', '20161', 'none', '0000-00-00', '', 0, '', '', '0000-00-00', ''),
('16772010214', '20161', 'none', '0000-00-00', '', 0, '', '', '0000-00-00', ''),
('16772010215', '20161', 'none', '0000-00-00', '', 0, '', '', '0000-00-00', ''),
('16772010216', '20161', 'none', '0000-00-00', '', 0, '', '', '0000-00-00', ''),
('16772010217', '20161', 'none', '0000-00-00', '', 0, '', '', '0000-00-00', ''),
('17772010155', '20171', 'none', '0000-00-00', '', 0, '', '', '0000-00-00', ''),
('17772010156', '20171', 'none', '0000-00-00', '', 0, '', '', '0000-00-00', ''),
('17772010160', '20171', 'none', '0000-00-00', '', 0, '', '', '0000-00-00', ''),
('17772010161', '20171', 'none', '0000-00-00', '', 0, '', '', '0000-00-00', ''),
('17772010163', '20171', 'none', '0000-00-00', '', 0, '', '', '0000-00-00', ''),
('17772010165', '20171', 'none', '0000-00-00', '', 0, '', '', '0000-00-00', ''),
('17772010166', '20171', 'none', '0000-00-00', '', 0, '', '', '0000-00-00', ''),
('17772010167', '20171', 'none', '0000-00-00', '', 0, '', '', '0000-00-00', ''),
('17772010168', '20171', 'none', '0000-00-00', '', 0, '', '', '0000-00-00', ''),
('17772010169', '20171', 'none', '0000-00-00', '', 0, '', '', '0000-00-00', ''),
('17772010170', '20171', 'none', '0000-00-00', '', 0, '', '', '0000-00-00', ''),
('17772010176', '20171', 'none', '0000-00-00', '', 0, '', '', '0000-00-00', ''),
('18772010171', '20172', 'none', '0000-00-00', '', 0, '', '', '0000-00-00', ''),
('18772010172', '20181', 'none', '0000-00-00', '', 0, '', '', '0000-00-00', ''),
('18772010173', '20181', 'none', '0000-00-00', '', 0, '', '', '0000-00-00', ''),
('18772010174', '20172', 'none', '0000-00-00', '', 0, '', '', '0000-00-00', ''),
('18772010175', '20181', 'none', '0000-00-00', '', 0, '', '', '0000-00-00', ''),
('18772010176', '20181', 'none', '0000-00-00', '', 0, '', '', '0000-00-00', ''),
('18772010177', '20182', '20182', '0000-00-00', '', 0, '', '', '0000-00-00', ''),
('18772010178', '20181', 'none', '0000-00-00', '', 0, '', '', '0000-00-00', ''),
('18772010179', '20182', '20182', '0000-00-00', '', 0, '', '', '0000-00-00', ''),
('18772010180', '20182', '20182', '0000-00-00', '', 0, '', '', '0000-00-00', ''),
('18772010181', '20181', 'none', '0000-00-00', '', 0, '', '', '0000-00-00', ''),
('18772010182', '20181', 'none', '0000-00-00', '', 0, '', '', '0000-00-00', ''),
('18772010183', '20181', 'none', '0000-00-00', '', 0, '', '', '0000-00-00', ''),
('18772010184', '20181', 'none', '0000-00-00', '', 0, '', '', '0000-00-00', ''),
('18772010185', '20181', 'none', '0000-00-00', '', 0, '', '', '0000-00-00', ''),
('18772010186', '20181', 'none', '0000-00-00', '', 0, '', '', '0000-00-00', ''),
('18772010187', '20181', 'none', '0000-00-00', '', 0, '', '', '0000-00-00', ''),
('18772010188', '20181', 'none', '0000-00-00', '', 0, '', '', '0000-00-00', ''),
('18772010197', '20181', 'none', '0000-00-00', '', 0, '', '', '0000-00-00', ''),
('18772010198', '20181', 'none', '0000-00-00', '', 0, '', '', '0000-00-00', ''),
('18772010199', '20181', 'none', '0000-00-00', '', 0, '', '', '0000-00-00', ''),
('18772010200', '20181', 'none', '0000-00-00', '', 0, '', '', '0000-00-00', ''),
('19772010189', '20191', 'none', '0000-00-00', '', 0, '', '', '0000-00-00', ''),
('19772010190', '20191', 'none', '0000-00-00', '', 0, '', '', '0000-00-00', ''),
('19772010191', '20191', 'none', '0000-00-00', '', 0, '', '', '0000-00-00', ''),
('19772010192', '20191', 'none', '0000-00-00', '', 0, '', '', '0000-00-00', ''),
('19772010193', '20191', 'none', '0000-00-00', '', 0, '', '', '0000-00-00', ''),
('19772010194', '20191', 'none', '0000-00-00', '', 0, '', '', '0000-00-00', ''),
('19772010195', '20191', 'none', '0000-00-00', '', 0, '', '', '0000-00-00', ''),
('19772010196', '20191', 'none', '0000-00-00', '', 0, '', '', '0000-00-00', ''),
('19772010201', '20191', 'none', '0000-00-00', '', 0, '', '', '0000-00-00', ''),
('19772010202', '20191', 'none', '0000-00-00', '', 0, '', '', '0000-00-00', ''),
('19772010203', '20191', 'none', '0000-00-00', '', 0, '', '', '0000-00-00', ''),
('19772010204', '20191', 'none', '0000-00-00', '', 0, '', '', '0000-00-00', ''),
('19772010205', '20191', 'none', '0000-00-00', '', 0, '', '', '0000-00-00', ''),
('19772010206', '20191', 'none', '0000-00-00', '', 0, '', '', '0000-00-00', ''),
('19772010207', '20191', 'none', '0000-00-00', '', 0, '', '', '0000-00-00', ''),
('19772010208', '20191', 'none', '0000-00-00', '', 0, '', '', '0000-00-00', ''),
('19772010209', '20191', 'none', '0000-00-00', '', 0, '', '', '0000-00-00', ''),
('19772010210', '20191', 'none', '0000-00-00', '', 0, '', '', '0000-00-00', ''),
('19772010211', '20191', 'none', '0000-00-00', '', 0, '', '', '0000-00-00', ''),
('19772010212', '20191', 'none', '0000-00-00', '', 0, '', '', '0000-00-00', ''),
('19772010213', '20191', 'none', '0000-00-00', '', 0, '', '', '0000-00-00', ''),
('19772010214', '20191', 'none', '0000-00-00', '', 0, '', '', '0000-00-00', ''),
('19772010215', '20191', 'none', '0000-00-00', '', 0, '', '', '0000-00-00', ''),
('19772010216', '20191', 'none', '0000-00-00', '', 0, '', '', '0000-00-00', ''),
('19772010217', '20191', 'none', '0000-00-00', '', 0, '', '', '0000-00-00', ''),
('19772010218', '20191', 'none', '0000-00-00', '', 0, '', '', '0000-00-00', ''),
('19772010219', '20191', 'none', '0000-00-00', '', 0, '', '', '0000-00-00', ''),
('20772010220', '20201', 'none', '0000-00-00', '', 0, '', '', '0000-00-00', ''),
('20772010221', '20201', 'none', '0000-00-00', '', 0, '', '', '0000-00-00', ''),
('20772010222', '20201', 'none', '0000-00-00', '', 0, '', '', '0000-00-00', ''),
('20772010223', '20201', 'none', '0000-00-00', '', 0, '', '', '0000-00-00', ''),
('20772010224', '20201', 'none', '0000-00-00', '', 0, '', '', '0000-00-00', ''),
('20772010225', '20201', 'none', '0000-00-00', '', 0, '', '', '0000-00-00', ''),
('20772010226', '20201', 'none', '0000-00-00', '', 0, '', '', '0000-00-00', ''),
('20772010227', '20201', 'none', '0000-00-00', '', 0, '', '', '0000-00-00', ''),
('20772010228', '20201', 'none', '0000-00-00', '', 0, '', '', '0000-00-00', ''),
('20772010229', '20201', 'none', '0000-00-00', 'P', 0, '', '', '0000-00-00', ''),
('20772010230', '20201', 'none', '0000-00-00', '', 0, '', '', '0000-00-00', ''),
('20772010231', '20201', '20202', '0000-00-00', '', 0, '', '', '0000-00-00', ''),
('20772010232', '20201', 'none', '0000-00-00', '', 0, '', '', '0000-00-00', ''),
('20772010233', '20201', '20242', '0000-00-00', '', 0, '', '', '0000-00-00', ''),
('20772010246', '20201', 'none', '0000-00-00', '', 0, '', '', '0000-00-00', ''),
('20772010247', '20201', 'none', '0000-00-00', '', 0, '', '', '0000-00-00', ''),
('20772010267', '20201', 'none', '0000-00-00', '', 0, '', '', '0000-00-00', ''),
('21772010234', '20212', '20252', '0000-00-00', '', 0, '', '', '0000-00-00', ''),
('21772010235', '20211', '20252', '0000-00-00', '', 0, '', '', '0000-00-00', ''),
('21772010236', '20211', '20242', '0000-00-00', '', 0, '', '', '0000-00-00', ''),
('21772010237', '20211', '20242', '0000-00-00', '', 0, '', '', '0000-00-00', ''),
('21772010238', '20211', '20242', '0000-00-00', '', 0, '', '', '0000-00-00', ''),
('21772010239', '20211', '20242', '0000-00-00', '', 0, '', '', '0000-00-00', ''),
('21772010240', '20211', '20242', '0000-00-00', '', 0, '', '', '0000-00-00', ''),
('21772010241', '20211', '20242', '0000-00-00', '', 0, '', '', '0000-00-00', ''),
('21772010242', '20211', '20241', '0000-00-00', '', 0, '', '', '0000-00-00', ''),
('21772010243', '20221', 'none', '0000-00-00', '', 0, '', '', '0000-00-00', ''),
('21772010244', '20211', 'none', '0000-00-00', '', 0, '', '', '0000-00-00', ''),
('21772010245', '20211', 'none', '0000-00-00', '', 0, '', '', '0000-00-00', ''),
('21772010268', '20211', 'none', '0000-00-00', '', 0, '', '', '0000-00-00', ''),
('21772010269', '20222', '20222', '0000-00-00', '', 0, '', '', '0000-00-00', ''),
('21772010270', '20211', 'none', '0000-00-00', '', 0, '', '', '0000-00-00', ''),
('21772010271', '20211', 'none', '0000-00-00', '', 0, '', '', '0000-00-00', ''),
('21772010272', '20211', 'none', '0000-00-00', '', 0, '', '', '0000-00-00', ''),
('21772010273', '20211', 'none', '0000-00-00', '', 0, '', '', '0000-00-00', ''),
('21772010274', '20211', 'none', '0000-00-00', '', 0, '', '', '0000-00-00', ''),
('21772010275', '20211', 'none', '0000-00-00', '', 0, '', '', '0000-00-00', ''),
('22772010242', '20221', '20221', '0000-00-00', '', 0, '', '', '0000-00-00', ''),
('22772010248', '20221', 'none', '0000-00-00', '', 0, '', '', '0000-00-00', ''),
('22772010249', '20221', 'none', '0000-00-00', '', 0, '', '', '0000-00-00', ''),
('22772010250', '20221', 'none', '0000-00-00', '', 0, '', '', '0000-00-00', ''),
('22772010251', '20222', 'none', '0000-00-00', '', 0, '', '', '0000-00-00', ''),
('22772010252', '20222', 'none', '0000-00-00', '', 0, '', '', '0000-00-00', ''),
('22772010253', '20222', 'none', '0000-00-00', '', 0, '', '', '0000-00-00', ''),
('22772010254', '20222', 'none', '0000-00-00', '', 0, '', '', '0000-00-00', ''),
('22772010255', '20222', 'none', '0000-00-00', '', 0, '', '', '0000-00-00', ''),
('22772010256', '20222', 'none', '0000-00-00', '', 0, '', '', '0000-00-00', ''),
('22772010257', '20222', 'none', '0000-00-00', '', 0, '', '', '0000-00-00', ''),
('22772010258', '20222', 'none', '0000-00-00', '', 0, '', '', '0000-00-00', ''),
('22772010259', '20222', 'none', '0000-00-00', '', 0, '', '', '0000-00-00', ''),
('22772010260', '20222', 'none', '0000-00-00', '', 0, '', '', '0000-00-00', ''),
('22772010261', '20222', 'none', '0000-00-00', '', 0, '', '', '0000-00-00', ''),
('22772010262', '20222', 'none', '0000-00-00', '', 0, '', '', '0000-00-00', ''),
('22772010263', '20221', 'none', '0000-00-00', '', 0, '', '', '0000-00-00', ''),
('22772010264', '20221', 'none', '0000-00-00', '', 0, '', '', '0000-00-00', ''),
('22772010265', '20221', 'none', '0000-00-00', '', 0, '', '', '0000-00-00', ''),
('22772010266', '20221', 'none', '0000-00-00', '', 0, '', '', '0000-00-00', ''),
('06772010001', '20052', '20132', '2006-08-02', '', 0, '', '', '0000-00-00', ''),
('06772010002', '20052', '20131', '2006-08-02', '', 0, '', '', '0000-00-00', ''),
('06772010003', '20052', 'none', '2006-08-02', '', 0, '', '', '0000-00-00', ''),
('06772010004', '20052', 'none', '2006-08-02', '', 0, '', '', '0000-00-00', ''),
('06772010005', '20052', 'none', '2006-08-02', '', 0, '', '', '0000-00-00', ''),
('06772010006', '20052', 'none', '2006-08-02', '', 0, '', '', '0000-00-00', ''),
('06772010007', '20052', '20131', '2006-08-02', '', 0, '', '', '0000-00-00', ''),
('06772010008', '20052', '20131', '2006-08-02', '', 0, '', '', '0000-00-00', ''),
('06772010009', '20052', '20142', '2006-08-02', '', 0, '', '', '2014-12-08', 'S-1/06-14/25/009/201'),
('06772010010', '20052', '20142', '2006-08-02', '', 0, '', '', '2014-12-08', 'S-1/06-14/27/010/201'),
('06772010011', '20052', '20131', '2006-08-02', '', 0, '', '', '0000-00-00', ''),
('06772010012', '20052', '20142', '2006-08-02', '', 0, '', '', '2014-12-08', 'S-1/06-14/26/012/201'),
('06772010013', '20052', '20142', '2006-08-02', '', 0, '', '', '2014-12-08', 'S-1/06-14/11/013/201'),
('06772010014', '20052', '20142', '2006-08-02', '', 0, '', '', '2014-12-08', 'S-1/06-14/08/014/201'),
('07772010015', '20071', '20142', '2007-08-06', '', 0, '', '', '2014-12-08', 'S-1/07-14/18/015/201'),
('07772010016', '20071', '20142', '2007-08-06', '', 0, '', '', '2014-12-08', 'S-1/07-14/19/016/201'),
('07772010017', '20071', '20142', '2007-08-06', '', 0, '', '', '2014-12-08', 'S-1/07-14/15/017/201'),
('07772010018', '20071', '20142', '2007-08-06', '', 0, '', '', '2014-12-08', 'S-1/07-14/14/018/201'),
('07772010019', '20062', 'none', '2007-08-06', '', 0, '', '', '2016-12-03', ''),
('07772010020', '20071', '20142', '2007-08-06', '', 0, '', '', '2014-12-08', 'S-1/07-14/13/020/201'),
('07772010021', '20062', '20142', '2007-08-06', '', 0, '', '', '2014-12-08', 'S-1/07-14/28/021/201'),
('07772010022', '20062', 'none', '2007-08-06', '', 0, '', '', '0000-00-00', ''),
('07772010023', '20071', '20142', '2007-08-06', '', 0, '', '', '2014-12-08', 'S-1/07-14/17/023/201'),
('07772010024', '20062', '20131', '2007-08-06', '', 0, '', '', '0000-00-00', ''),
('07772010025', '20062', 'none', '2007-08-06', '', 0, '', '', '2016-12-03', ''),
('07772010026', '20062', 'none', '2007-08-06', '', 0, '', '', '0000-00-00', ''),
('07772010027', '20062', '20142', '2007-08-06', '', 0, '', '', '2014-12-08', 'S-1/07-14/09/027/201'),
('07772010028', '20071', '20142', '2007-08-06', '', 0, '', '', '2014-12-08', 'S-1/07-14/16/028/201'),
('08772010029', '20072', '20132', '2008-08-04', '', 0, '', '', '2014-12-08', 'S-1/08-14/10/029/201'),
('08772010030', '20072', '20132', '2008-08-04', '', 0, '', '', '0000-00-00', 'D-3/08-14/09/030/201'),
('08772010031', '20072', 'none', '2008-08-04', '', 0, '', '', '0000-00-00', ''),
('08772010032', '20072', 'none', '2008-08-04', '', 0, '', '', '0000-00-00', ''),
('08772010033', '20072', 'none', '2008-08-04', '', 0, '', '', '2016-12-03', ''),
('08772010034', '20072', 'none', '2008-08-04', '', 0, '', '', '2016-12-03', ''),
('08772010035', '20072', '20142', '2008-08-04', '', 0, '', '', '2014-12-08', 'S-1/08-14/22/035/201'),
('08772010036', '20072', '20142', '2008-08-04', '', 0, '', '', '2014-12-08', 'S-1/08-14/12/036/201'),
('08772010037', '20072', '20142', '2008-08-04', '', 0, '', '', '2014-12-08', 'S-1/08-14/21/037/201'),
('08772010038', '20072', '20142', '2008-08-04', '', 0, '', '', '2014-12-08', 'S-1/08-14/24/038/201'),
('08772010039', '20072', '20142', '2008-08-04', '', 0, '', '', '2014-12-08', 'S-1/08-14/23/039/201'),
('08772010040', '20072', '20142', '2008-08-04', '', 0, '', '', '2014-12-08', 'S-1/08-14/20/040/201'),
('09772010041', '20082', 'none', '2009-08-03', '', 0, '', '', '2016-12-03', ''),
('09772010042', '20082', 'none', '2009-08-03', '', 0, '', '', '0000-00-00', ''),
('09772010043', '20082', 'none', '2009-08-03', '', 0, '', '', '2016-12-03', ''),
('09772010044', '20091', 'none', '2009-08-03', '', 0, '', '', '2016-12-03', ''),
('09772010045', '20091', 'none', '2009-08-03', '', 0, '', '', '2016-12-03', ''),
('09772010046', '20091', 'none', '2009-08-03', '', 0, '', '', '2016-12-03', ''),
('09772010047', '20082', 'none', '2009-08-03', '', 0, '', '', '0000-00-00', ''),
('09772010048', '20082', 'none', '2009-08-03', '', 0, '', '', '0000-00-00', ''),
('09772010049', '20082', 'none', '2009-08-03', '', 0, '', '', '2016-12-03', ''),
('09772010050', '20082', 'none', '2009-08-03', '', 0, '', '', '2016-12-03', ''),
('09772010051', '20082', 'none', '2009-08-03', '', 0, '', '', '0000-00-00', ''),
('09772010052', '20082', 'none', '2009-08-03', '', 0, '', '', '0000-00-00', ''),
('09772010053', '20082', 'none', '2009-08-03', '', 0, '', '', '0000-00-00', ''),
('09772010054', '20082', 'none', '2009-08-03', '', 0, '', '', '0000-00-00', ''),
('10772010055', '20092', 'none', '2010-08-02', '', 0, '', '', '0000-00-00', ''),
('10772010056', '20092', 'none', '2010-08-02', '', 0, '', '', '0000-00-00', ''),
('10772010057', '20101', 'none', '2010-08-02', '', 0, '', '', '2016-12-03', ''),
('10772010058', '20092', 'none', '2010-08-02', '', 0, '', '', '2016-12-03', ''),
('10772010059', '20092', 'none', '2010-08-02', '', 0, '', '', '0000-00-00', ''),
('10772010060', '20092', 'none', '2010-08-02', '', 0, '', '', '0000-00-00', 'D-2/10-14/10/060/201'),
('10772010061', '20092', 'none', '2010-08-02', '', 0, '', '', '0000-00-00', ''),
('10772010062', '20092', 'none', '2010-08-02', '', 0, '', '', '0000-00-00', ''),
('10772010063', '20092', 'none', '2010-08-02', '', 0, '', '', '0000-00-00', ''),
('10772010064', '20092', 'none', '2010-08-02', '', 0, '', '', '0000-00-00', ''),
('10772010065', '20092', 'none', '2010-08-02', '', 0, '', '', '0000-00-00', ''),
('10772010066', '20092', 'none', '2010-08-02', '', 0, '', '', '2016-12-03', ''),
('10772010067', '20092', 'none', '2010-08-02', '', 0, '', '', '0000-00-00', ''),
('10772010068', '20092', 'none', '2010-08-02', '', 0, '', '', '2016-12-03', ''),
('10772010069', '20092', '20172', '2010-08-02', '', 0, '', '', '2018-03-31', ''),
('10772010070', '20092', 'none', '2010-08-02', '', 0, '', '', '0000-00-00', ''),
('10772010071', '20092', 'none', '2010-08-02', '', 0, '', '', '0000-00-00', ''),
('12772010072', '20102', 'none', '2012-08-06', '', 0, '', '', '0000-00-00', ''),
('12772010073', '20102', 'none', '2012-08-06', '', 0, '', '', '0000-00-00', ''),
('12772010074', '20102', 'none', '2012-08-06', '', 0, '', '', '0000-00-00', ''),
('12772010075', '20102', 'none', '2012-08-06', '', 0, '', '', '0000-00-00', ''),
('12772010076', '20102', 'none', '2012-08-06', '', 0, '', '', '0000-00-00', ''),
('12772010077', '20102', 'none', '2012-08-06', '', 0, '', '', '0000-00-00', ''),
('12772010078', '20102', 'none', '2012-08-06', '', 0, '', '', '0000-00-00', ''),
('12772010079', '20102', 'none', '2012-08-06', '', 0, '', '', '0000-00-00', ''),
('12772010080', '20102', 'none', '2012-08-06', '', 0, '', '', '0000-00-00', ''),
('12772010081', '20102', 'none', '2012-08-06', '', 0, '', '', '0000-00-00', ''),
('12772010082', '20102', 'none', '2012-08-06', '', 0, '', '', '0000-00-00', ''),
('12772010083', '20111', 'none', '2012-08-06', '', 0, '', '', '2016-12-03', ''),
('12772010084', '20102', 'none', '2012-08-06', '', 0, '', '', '0000-00-00', ''),
('12772010085', '20102', 'none', '2012-08-06', '', 0, '', '', '0000-00-00', ''),
('13772010086', '20131', 'none', '2013-08-05', '', 0, '', '', '0000-00-00', ''),
('13772010087', '20112', 'none', '2013-08-05', '', 0, '', '', '2016-12-03', ''),
('13772010088', '20121', 'none', '2013-08-05', '', 0, '', '', '0000-00-00', ''),
('13772010091', '20112', 'none', '2013-08-05', '', 0, '', '', '0000-00-00', ''),
('13772010092', '20112', 'none', '2013-08-05', '', 0, '', '', '0000-00-00', ''),
('13772010093', '20112', 'none', '2013-08-05', '', 0, '', '', '0000-00-00', ''),
('13772010094', '20122', 'none', '2013-08-05', '', 0, '', '', '0000-00-00', ''),
('13772010095', '20131', 'none', '2013-08-05', '', 0, '', '', '0000-00-00', ''),
('13772010096', '20122', 'none', '2013-08-05', '', 0, '', '', '0000-00-00', ''),
('13772010098', '20122', 'none', '2013-08-05', '', 0, '', '', '0000-00-00', ''),
('13772010099', '20122', 'none', '2013-08-05', '', 0, '', '', '0000-00-00', ''),
('13772010100', '20122', 'none', '2013-08-05', '', 0, '', '', '0000-00-00', ''),
('13772010101', '20122', 'none', '2013-08-05', '', 0, '', '', '0000-00-00', ''),
('13772010102', '20122', 'none', '2013-08-05', '', 0, '', '', '0000-00-00', ''),
('13772010103', '20122', 'none', '2013-08-05', '', 0, '', '', '0000-00-00', ''),
('13772010104', '20122', 'none', '2013-08-05', '', 0, '', '', '0000-00-00', ''),
('13772010105', '20122', 'none', '2013-08-05', '', 0, '', '', '0000-00-00', ''),
('13772010106', '20122', 'none', '2013-08-05', '', 0, '', '', '0000-00-00', ''),
('13772010107', '20122', 'none', '2013-08-05', '', 0, '', '', '0000-00-00', ''),
('13772010108', '20122', 'none', '2013-08-05', '', 0, '', '', '0000-00-00', ''),
('13772010109', '20122', '20132', '2013-08-05', '', 0, '', '', '0000-00-00', ''),
('13772010111', '20131', 'none', '2013-08-05', '', 0, '', '', '0000-00-00', ''),
('14772010112', '20141', 'none', '2014-04-08', '', 0, '', '', '2018-12-01', 'S-1/014-18/046/112/2'),
('14772010113', '20141', '20142', '2014-08-09', '', 0, '', '', '0000-00-00', ''),
('14772010114', '20141', '20142', '2014-08-09', '', 0, '', '', '0000-00-00', ''),
('14772010115', '20141', '20142', '2014-08-09', '', 0, '', '', '0000-00-00', ''),
('14772010116', '20141', '20142', '2014-08-09', '', 0, '', '', '0000-00-00', ''),
('15772010118', '20151', 'none', '2015-08-03', '', 0, '', '', '0000-00-00', ''),
('15772010119', '20151', 'none', '2015-08-03', '', 0, '', '', '0000-00-00', ''),
('15772010120', '20151', 'none', '2015-08-03', '', 0, '', '', '0000-00-00', ''),
('15772010121', '20151', 'none', '2015-08-03', '', 0, '', '', '0000-00-00', ''),
('15772010123', '20151', 'none', '2015-08-03', '', 0, '', '', '0000-00-00', ''),
('15772010124', '20151', 'none', '2015-08-03', '', 0, '', '', '0000-00-00', ''),
('15772010125', '20151', 'none', '2015-08-03', '', 0, '', '', '0000-00-00', ''),
('15772010128', '20151', 'none', '2015-08-03', '', 0, '', '', '0000-00-00', ''),
('15772010131', '20151', 'none', '2015-08-03', '', 0, '', '', '0000-00-00', ''),
('15772010138', '20151', 'none', '2015-08-03', '', 0, '', '', '0000-00-00', ''),
('15772010139', '20151', 'none', '2015-08-03', '', 0, '', '', '0000-00-00', ''),
('16772010140', '20152', 'none', '2016-02-01', '', 0, '', '', '0000-00-00', ''),
('16772010141', '20161', 'none', '2016-08-08', '', 0, '', '', '0000-00-00', ''),
('16772010142', '20161', 'none', '2016-08-08', '', 0, '', '', '0000-00-00', ''),
('16772010143', '20161', 'none', '2016-02-08', '', 0, '', '', '0000-00-00', ''),
('16772010144', '20152', 'none', '2016-02-01', '', 0, '', '', '0000-00-00', ''),
('16772010145', '20161', 'none', '2016-08-08', '', 0, '', '', '0000-00-00', ''),
('16772010146', '20161', 'none', '2016-08-08', '', 0, '', '', '0000-00-00', ''),
('16772010147', '20161', 'none', '2016-08-08', '', 0, '', '', '0000-00-00', ''),
('16772010148', '20161', 'none', '2016-08-01', '', 0, '', '', '0000-00-00', ''),
('16772010149', '20161', 'none', '2016-08-08', '', 0, '', '', '0000-00-00', ''),
('16772010150', '20161', 'none', '2016-08-08', '', 0, '', '', '0000-00-00', ''),
('16772010151', '20161', 'none', '2016-08-08', '', 0, '', '', '0000-00-00', ''),
('16772010152', '20161', 'none', '2016-08-01', '', 0, '', '', '0000-00-00', ''),
('16772010153', '20161', 'none', '2016-08-01', '', 0, '', '', '0000-00-00', ''),
('16772010154', '20161', 'none', '2016-08-01', '', 0, '', '', '0000-00-00', ''),
('16772010157', '20161', 'none', '2016-08-08', '', 0, '', '', '0000-00-00', ''),
('16772010159', '20161', 'none', '2016-08-08', '', 0, '', '', '0000-00-00', ''),
('16772010160', '20161', 'none', '2016-08-08', '', 0, '', '', '0000-00-00', ''),
('16772010161', '20161', 'none', '2016-08-08', '', 0, '', '', '0000-00-00', ''),
('16772010162', '20161', 'none', '2016-08-08', '', 0, '', '', '0000-00-00', ''),
('16772010163', '20161', 'none', '2016-08-08', '', 0, '', '', '0000-00-00', ''),
('16772010164', '20161', 'none', '2016-08-08', '', 0, '', '', '0000-00-00', ''),
('16772010165', '20161', 'none', '2016-08-08', '', 0, '', '', '0000-00-00', ''),
('16772010197', '20161', 'none', '2016-08-08', '', 0, '', '', '0000-00-00', ''),
('16772010198', '20161', 'none', '2016-08-08', '', 0, '', '', '0000-00-00', ''),
('16772010199', '20161', 'none', '2016-08-08', '', 0, '', '', '0000-00-00', ''),
('16772010200', '20161', 'none', '2016-08-08', '', 0, '', '', '0000-00-00', ''),
('16772010201', '20161', 'none', '2016-08-08', '', 0, '', '', '0000-00-00', ''),
('16772010202', '20161', 'none', '2016-08-08', '', 0, '', '', '0000-00-00', ''),
('16772010203', '20161', 'none', '2016-08-08', '', 0, '', '', '0000-00-00', ''),
('16772010204', '20161', 'none', '2016-08-08', '', 0, '', '', '0000-00-00', ''),
('16772010205', '20161', 'none', '2016-08-08', '', 0, '', '', '0000-00-00', ''),
('16772010206', '20161', 'none', '2016-08-08', '', 0, '', '', '0000-00-00', ''),
('16772010207', '20161', 'none', '2016-08-08', '', 0, '', '', '0000-00-00', ''),
('16772010208', '20161', 'none', '2016-08-08', '', 0, '', '', '0000-00-00', ''),
('16772010209', '20161', 'none', '2016-08-08', '', 0, '', '', '0000-00-00', ''),
('16772010210', '20161', 'none', '2016-08-08', '', 0, '', '', '0000-00-00', ''),
('16772010211', '20161', 'none', '2016-08-08', '', 0, '', '', '0000-00-00', ''),
('16772010212', '20161', 'none', '2016-08-08', '', 0, '', '', '0000-00-00', ''),
('16772010213', '20161', 'none', '2016-08-08', '', 0, '', '', '0000-00-00', ''),
('16772010214', '20161', 'none', '2016-08-08', '', 0, '', '', '0000-00-00', ''),
('16772010215', '20161', 'none', '2016-08-08', '', 0, '', '', '0000-00-00', ''),
('16772010216', '20161', 'none', '2016-08-08', '', 0, '', '', '0000-00-00', ''),
('16772010217', '20161', 'none', '2016-08-08', '', 0, '', '', '0000-00-00', ''),
('17772010155', '20171', 'none', '2017-08-07', '', 0, '', '', '0000-00-00', ''),
('17772010156', '20171', 'none', '2017-08-07', '', 0, '', '', '0000-00-00', ''),
('17772010160', '20171', 'none', '2017-07-03', '', 0, '', '', '0000-00-00', ''),
('17772010161', '20171', 'none', '2017-08-07', '', 0, '', '', '0000-00-00', ''),
('17772010163', '20171', 'none', '2017-08-07', '', 0, '', '', '0000-00-00', ''),
('17772010165', '20171', 'none', '2017-08-07', '', 0, '', '', '0000-00-00', ''),
('17772010166', '20171', 'none', '2017-08-07', '', 0, '', '', '0000-00-00', ''),
('17772010167', '20171', 'none', '2017-08-07', '', 0, '', '', '0000-00-00', ''),
('17772010168', '20171', 'none', '2017-08-07', '', 0, '', '', '0000-00-00', ''),
('17772010169', '20171', 'none', '2017-08-07', '', 0, '', '', '0000-00-00', ''),
('17772010170', '20171', 'none', '2017-08-07', '', 0, '', '', '0000-00-00', ''),
('17772010176', '20171', 'none', '2017-08-07', '', 0, '', '', '0000-00-00', ''),
('18772010171', '20172', 'none', '2018-02-05', '', 0, '', '', '0000-00-00', ''),
('18772010172', '20181', 'none', '2018-08-06', '', 0, '', '', '0000-00-00', ''),
('18772010173', '20181', 'none', '2018-02-05', '', 0, '', '', '0000-00-00', ''),
('18772010174', '20172', 'none', '2018-02-05', '', 0, '', '', '0000-00-00', ''),
('18772010175', '20181', 'none', '2018-08-06', '', 0, '', '', '0000-00-00', ''),
('18772010176', '20181', 'none', '2018-08-01', '', 0, '', '', '0000-00-00', ''),
('18772010177', '20182', '20182', '2018-08-01', '', 0, '', '', '0000-00-00', ''),
('18772010178', '20181', 'none', '2018-08-06', '', 0, '', '', '0000-00-00', ''),
('18772010179', '20182', '20182', '2018-08-01', '', 0, '', '', '0000-00-00', ''),
('18772010180', '20182', '20182', '2018-08-01', '', 0, '', '', '0000-00-00', ''),
('18772010181', '20181', 'none', '2018-08-06', '', 0, '', '', '0000-00-00', ''),
('18772010182', '20181', 'none', '2018-08-06', '', 0, '', '', '0000-00-00', ''),
('18772010183', '20181', 'none', '2018-08-06', '', 0, '', '', '0000-00-00', ''),
('18772010184', '20181', 'none', '2018-08-06', '', 0, '', '', '0000-00-00', ''),
('18772010185', '20181', 'none', '2018-08-06', '', 0, '', '', '0000-00-00', ''),
('18772010186', '20181', 'none', '2018-08-06', '', 0, '', '', '0000-00-00', ''),
('18772010187', '20181', 'none', '2018-08-01', '', 0, '', '', '0000-00-00', ''),
('18772010188', '20181', 'none', '2018-08-06', '', 0, '', '', '0000-00-00', ''),
('18772010197', '20181', 'none', '2018-07-02', '', 0, '', '', '0000-00-00', ''),
('18772010198', '20181', 'none', '2018-07-02', '', 0, '', '', '0000-00-00', ''),
('18772010199', '20181', 'none', '2018-07-02', '', 0, '', '', '0000-00-00', ''),
('18772010200', '20181', 'none', '2018-08-06', '', 0, '', '', '0000-00-00', ''),
('19772010189', '20191', 'none', '2018-08-06', '', 0, '', '', '0000-00-00', ''),
('19772010190', '20191', 'none', '2019-08-05', '', 0, '', '', '0000-00-00', ''),
('19772010191', '20191', 'none', '2019-08-05', '', 0, '', '', '0000-00-00', ''),
('19772010192', '20191', 'none', '2019-08-05', '', 0, '', '', '0000-00-00', ''),
('19772010193', '20191', 'none', '2018-08-01', '', 0, '', '', '0000-00-00', ''),
('19772010194', '20191', 'none', '2019-08-05', '', 0, '', '', '0000-00-00', ''),
('19772010195', '20191', 'none', '2019-08-05', '', 0, '', '', '0000-00-00', ''),
('19772010196', '20191', 'none', '2019-08-05', '', 0, '', '', '0000-00-00', ''),
('19772010201', '20191', 'none', '2019-08-05', '', 0, '', '', '0000-00-00', ''),
('19772010202', '20191', 'none', '2019-08-05', '', 0, '', '', '0000-00-00', ''),
('19772010203', '20191', 'none', '2019-08-05', '', 0, '', '', '0000-00-00', ''),
('19772010204', '20191', 'none', '2019-08-05', '', 0, '', '', '0000-00-00', ''),
('19772010205', '20191', 'none', '2019-08-05', '', 0, '', '', '0000-00-00', ''),
('19772010206', '20191', 'none', '2019-08-05', '', 0, '', '', '0000-00-00', ''),
('19772010207', '20191', 'none', '2019-08-05', '', 0, '', '', '0000-00-00', ''),
('19772010208', '20191', 'none', '2019-08-05', '', 0, '', '', '0000-00-00', ''),
('19772010209', '20191', 'none', '2019-08-05', '', 0, '', '', '0000-00-00', ''),
('19772010210', '20191', 'none', '2019-08-05', '', 0, '', '', '0000-00-00', ''),
('19772010211', '20191', 'none', '2019-08-05', '', 0, '', '', '0000-00-00', ''),
('19772010212', '20191', 'none', '2019-08-05', '', 0, '', '', '0000-00-00', ''),
('19772010213', '20191', 'none', '2019-08-05', '', 0, '', '', '0000-00-00', ''),
('19772010214', '20191', 'none', '2019-08-05', '', 0, '', '', '0000-00-00', ''),
('19772010215', '20191', 'none', '2019-08-05', '', 0, '', '', '0000-00-00', ''),
('19772010216', '20191', 'none', '2019-08-05', '', 0, '', '', '0000-00-00', ''),
('19772010217', '20191', 'none', '2019-08-05', '', 0, '', '', '0000-00-00', ''),
('19772010218', '20191', 'none', '2019-08-05', '', 0, '', '', '0000-00-00', ''),
('19772010219', '20191', 'none', '2019-08-05', '', 0, '', '', '0000-00-00', ''),
('20772010220', '20201', 'none', '2020-08-03', '', 0, '', '', '0000-00-00', ''),
('20772010221', '20201', 'none', '2020-08-03', '', 0, '', '', '0000-00-00', ''),
('20772010222', '20201', 'none', '2020-08-03', '', 0, '', '', '0000-00-00', ''),
('20772010223', '20201', 'none', '2020-08-03', '', 0, '', '', '0000-00-00', ''),
('20772010224', '20201', 'none', '2020-08-03', '', 0, '', '', '0000-00-00', ''),
('20772010225', '20201', 'none', '2020-08-03', '', 0, '', '', '0000-00-00', ''),
('20772010226', '20201', 'none', '2020-08-03', '', 0, '', '', '0000-00-00', ''),
('20772010227', '20201', 'none', '2020-08-03', '', 0, '', '', '0000-00-00', ''),
('20772010228', '20201', 'none', '2020-08-03', '', 0, '', '', '0000-00-00', ''),
('20772010229', '20201', 'none', '2020-08-03', 'P', 0, '', '', '0000-00-00', ''),
('20772010230', '20201', 'none', '2020-08-03', '', 0, '', '', '0000-00-00', ''),
('20772010231', '20201', '20202', '2020-08-03', '', 0, '', '', '0000-00-00', ''),
('20772010232', '20201', 'none', '2020-08-03', '', 0, '', '', '0000-00-00', ''),
('20772010233', '20201', '20242', '2020-08-03', '', 0, '', '', '0000-00-00', ''),
('20772010246', '20201', 'none', '2020-08-05', '', 0, '', '', '0000-00-00', ''),
('20772010247', '20201', 'none', '2020-08-05', '', 0, '', '', '0000-00-00', ''),
('20772010267', '20201', 'none', '2020-07-27', '', 0, '', '', '0000-00-00', ''),
('21772010234', '20212', '20252', '2021-08-01', '', 0, '', '', '0000-00-00', ''),
('21772010235', '20211', '20252', '2021-08-01', '', 0, '', '', '2021-09-09', ''),
('21772010236', '20211', '20242', '2021-08-01', '', 0, '', '', '0000-00-00', ''),
('21772010237', '20211', '20242', '2021-08-01', '', 0, '', '', '0000-00-00', ''),
('21772010238', '20211', '20242', '2021-08-01', '', 0, '', '', '0000-00-00', ''),
('21772010239', '20211', '20242', '2021-08-01', '', 0, '', '', '0000-00-00', ''),
('21772010240', '20211', '20242', '2021-08-01', '', 0, '', '', '0000-00-00', ''),
('21772010241', '20211', '20242', '2021-08-01', '', 0, '', '', '0000-00-00', ''),
('21772010242', '20211', '20241', '2021-08-01', '', 0, '', '', '0000-00-00', ''),
('21772010243', '20221', 'none', '2021-08-15', '', 0, '', '', '0000-00-00', ''),
('21772010244', '20211', 'none', '2021-08-09', '', 0, '', '', '2021-06-10', ''),
('21772010245', '20211', 'none', '2021-08-09', '', 0, '', '', '1980-06-12', ''),
('21772010268', '20211', 'none', '2021-07-26', '', 0, '', '', '0000-00-00', ''),
('21772010269', '20222', '20222', '2021-07-26', '', 0, '', '', '0000-00-00', ''),
('21772010270', '20211', 'none', '2021-07-26', '', 0, '', '', '0000-00-00', ''),
('21772010271', '20211', 'none', '2021-07-26', '', 0, '', '', '0000-00-00', ''),
('21772010272', '20211', 'none', '2021-07-26', '', 0, '', '', '0000-00-00', ''),
('21772010273', '20211', 'none', '2021-07-26', '', 0, '', '', '0000-00-00', ''),
('21772010274', '20211', 'none', '2021-07-26', '', 0, '', '', '0000-00-00', ''),
('21772010275', '20211', 'none', '2021-07-26', '', 0, '', '', '0000-00-00', ''),
('22772010242', '20221', '20221', '0000-00-00', '', 0, '', '', '0000-00-00', ''),
('22772010248', '20221', 'none', '2022-08-09', '', 0, '', '', '2003-07-19', ''),
('22772010249', '20221', 'none', '2022-08-09', '', 0, '', '', '1975-07-10', ''),
('22772010250', '20221', 'none', '2022-08-09', '', 0, '', '', '0000-00-00', ''),
('22772010251', '20222', 'none', '2022-08-09', '', 0, '', '', '0000-00-00', ''),
('22772010252', '20222', 'none', '2022-08-09', '', 0, '', '', '0000-00-00', ''),
('22772010253', '20222', 'none', '2022-08-09', '', 0, '', '', '0000-00-00', ''),
('22772010254', '20222', 'none', '2022-08-09', '', 0, '', '', '0000-00-00', ''),
('22772010255', '20222', 'none', '2022-08-09', '', 0, '', '', '0000-00-00', ''),
('22772010256', '20222', 'none', '2022-08-09', '', 0, '', '', '0000-00-00', ''),
('22772010257', '20222', 'none', '2022-08-09', '', 0, '', '', '0000-00-00', ''),
('22772010258', '20222', 'none', '2022-08-09', '', 0, '', '', '0000-00-00', ''),
('22772010259', '20222', 'none', '2022-08-09', '', 0, '', '', '0000-00-00', ''),
('22772010260', '20222', 'none', '2022-08-09', '', 0, '', '', '0000-00-00', ''),
('22772010261', '20222', 'none', '2022-08-09', '', 0, '', '', '0000-00-00', ''),
('22772010262', '20222', 'none', '2022-08-09', '', 0, '', '', '0000-00-00', ''),
('22772010263', '20221', 'none', '2022-08-09', '', 0, '', '', '0000-00-00', ''),
('22772010264', '20221', 'none', '2022-08-09', '', 0, '', '', '0000-00-00', ''),
('22772010265', '20221', 'none', '2022-08-09', '', 0, '', '', '0000-00-00', ''),
('22772010266', '20221', 'none', '2022-08-09', '', 0, '', '', '0000-00-00', '');

-- --------------------------------------------------------

--
-- Table structure for table `mhsbio`
--

CREATE TABLE `mhsbio` (
  `idnim` varchar(15) NOT NULL COMMENT 'no induk Mhs ex:23772019999 (23=thn 77201=prodi)',
  `namamhs` varchar(50) NOT NULL COMMENT 'nama mahasiswa',
  `idprodimhs` varchar(15) NOT NULL COMMENT 'id program studi',
  `tahunmasuk` varchar(4) NOT NULL COMMENT 'tahun masuk',
  `tgllhrmhs` date NOT NULL COMMENT 'tanggal lahir',
  `tptlhrmhs` varchar(50) NOT NULL COMMENT 'tempat lahir mahasiswa',
  `agamamhs` varchar(1) NOT NULL COMMENT 'agama mahasiswa (i,P,C,H,b,K)  protestan,chatolik',
  `jnsklm` varchar(1) NOT NULL COMMENT 'jenis kelamin (l/p)',
  `nomorhpwa` varchar(20) NOT NULL COMMENT 'nomor hp/wa',
  `emailstudi` varchar(40) NOT NULL COMMENT 'email studi',
  `emailpribadi` varchar(40) NOT NULL COMMENT 'email pribadi',
  `alamatakhir` varchar(100) NOT NULL COMMENT 'alamat saat studi',
  `alamatasal` varchar(100) NOT NULL COMMENT 'alamat asal',
  `jenisstudi` varchar(1) NOT NULL COMMENT 'jenis studi (r=reguler  n=non reguler)',
  `nomornik` varchar(16) NOT NULL COMMENT 'nomor ktp/nik',
  `nomorkk` varchar(18) NOT NULL COMMENT 'nomor kartu keluarga',
  `idmhsdikti` varchar(36) NOT NULL COMMENT 'id Mhs pddikti',
  `stataktif` varchar(1) NOT NULL COMMENT 'status aktif (a=aktif n=non-aktif c=cuti l=lulus)'
) ENGINE=InnoDB DEFAULT CHARSET=latin1 COLLATE=latin1_swedish_ci COMMENT='biodata mahasiswa';

--
-- Dumping data for table `mhsbio`
--

INSERT INTO `mhsbio` (`idnim`, `namamhs`, `idprodimhs`, `tahunmasuk`, `tgllhrmhs`, `tptlhrmhs`, `agamamhs`, `jnsklm`, `nomorhpwa`, `emailstudi`, `emailpribadi`, `alamatakhir`, `alamatasal`, `jenisstudi`, `nomornik`, `nomorkk`, `idmhsdikti`, `stataktif`) VALUES
('06772010001', 'Yulinah Soenartuti Roedjito', '77201', '2006', '1931-07-09', 'Purwokerto', '', 'P', '', '', '', '', '', 'L', 'NULL', '', '', 'L'),
('06772010002', 'Dina Atalya', '77201', '2006', '1987-02-21', 'Depok', '', 'P', '85782525387', '', '', '', '', 'L', 'NULL', '', '', 'L'),
('06772010003', 'Damenta Purba', '77201', '2006', '1957-04-03', 'Brastagi', '', 'P', '85219824442', '', '', '', '', 'L', 'NULL', '', '', 'L'),
('06772010004', 'Elfi Moningka Hutabarat', '77201', '2006', '1964-11-08', 'Binjai', '', 'L', '', '', '', '', '', 'N', '', '', '', 'N'),
('06772010005', 'Toni Iskandar', '77201', '2006', '1979-07-15', 'Jakarta', '', 'L', '', '', '', '', '', 'N', 'NULL', '', '', 'N'),
('06772010006', 'Siwi Risdiati', '77201', '2006', '1950-06-02', 'Yogyakarta', '', 'P', '', '', '', '', '', 'N', 'NULL', '', '', 'N'),
('06772010007', 'Parluhutan Sitorus', '77201', '2006', '1947-01-10', 'Lumban Nabolon', '', 'L', '', '', '', '', '', 'L', 'NULL', '', '', 'L'),
('06772010008', 'Johanes R. Depari', '77201', '2006', '1947-05-06', 'Juhar Tanah Karo', '', 'L', '', '', '', '', '', 'L', 'NULL', '', '', 'L'),
('06772010009', 'Adinia Telaumbanua', '77201', '2006', '1980-11-26', 'Tuhemberua Ulu', '', 'P', '', '', '', '', '', 'L', 'NULL', '', '', 'L'),
('06772010010', 'Jefri Pomantow', '77201', '2006', '1968-01-28', 'Manado', '', 'L', '', '', '', '', '', 'L', 'NULL', '', '', 'L'),
('06772010011', 'Stefanus Kassan', '77201', '2006', '1981-07-29', 'Indramayu', '', 'L', '', '', '', '', '', 'L', 'NULL', '', '', 'L'),
('06772010012', 'Romi', '77201', '2006', '1982-09-08', 'Jakarta', '', 'L', '', '', '', '', '', 'L', 'NULL', '', '', 'L'),
('06772010013', 'Agung Budi Prasetyo Raharjo', '77201', '2006', '1983-12-07', 'Purworejo', '', 'L', '', '', '', '', '', 'L', 'NULL', '', '', 'L'),
('06772010014', 'Arthinda Arthur Sailendra', '77201', '2006', '1961-11-10', 'Toraja', '', 'L', '', '', '', '', '', 'L', 'NULL', '', '', 'L'),
('07772010015', 'Bartian Yudha Prakasa Cyrus', '77201', '2007', '1973-12-29', 'Garut', '', 'L', '', '', '', '', '', 'L', 'NULL', '', '', 'L'),
('07772010016', 'Yosep Sihombing', '77201', '2007', '1983-04-20', 'Lampung', '', 'L', '', '', '', '', '', 'L', 'NULL', '', '', 'L'),
('07772010017', 'Dicky Suwarta', '77201', '2007', '1968-08-20', 'Bandung', '', 'L', '', '', '', '', '', 'L', 'NULL', '', '', 'L'),
('07772010018', 'Volniwan Sailendra', '77201', '2007', '1975-06-07', 'Bandung', '', 'L', '', '', '', '', '', 'L', 'NULL', '', '', 'L'),
('07772010019', 'Yohanes Suwarno', '77201', '2007', '1953-10-08', 'Sukoharjo', '', 'L', '81285010153', '', '', '', '', 'L', '3172010810530000', '', 'f10c3b0c-83b9-4716-ad3c-6bdd1c17d389', 'L'),
('07772010020', 'Vinka Haryanto', '77201', '2007', '1973-05-26', 'Bandung', '', 'P', '', '', '', '', '', 'L', 'NULL', '', '', 'L'),
('07772010021', 'Laelawati', '77201', '2007', '1967-11-09', 'Jakarta', '', 'P', '', '', '', '', '', 'L', 'NULL', '', '', 'L'),
('07772010022', 'Tiarida Pasaribu', '77201', '2007', '1965-09-17', 'Samosir', '', 'P', '', '', '', '', '', 'N', 'NULL', '', '', 'N'),
('07772010023', 'Tjutju Marlina', '77201', '2007', '1953-04-06', 'Bandung', '', 'P', '', '', '', '', '', 'L', 'NULL', '', '', 'L'),
('07772010024', 'Johanes Metanfanuan', '77201', '2007', '1942-06-28', 'Awear Larat Maluku', '', 'L', '', '', '', '', '', 'L', 'NULL', '', '', 'L'),
('07772010025', 'Titiana Mince Yeuyanan', '77201', '2007', '1982-11-03', 'Fako', '', 'L', '82124966272', 'titimince@yahoo.co.id', '', '', '', 'L', '3276024311820000', '', '57e9c9e9-3a88-4111-a3b3-614b6d886ba2', 'L'),
('07772010026', 'Maria Futwenbun', '77201', '2007', '1960-11-07', 'Ambon', '', 'P', '', '', '', '', '', 'L', '3276054711600000', '', 'c3c93338-fe29-4ef9-8220-4e85de307eab', 'L'),
('07772010027', 'Basah Jatmoko', '77201', '2007', '1937-11-29', 'Purwokerto', '', 'L', '', '', '', '', '', 'L', 'NULL', '', '', 'L'),
('07772010028', 'Aniek Dwi Rubiati', '77201', '2007', '1960-04-21', 'Batu', '', 'P', '', '', '', '', '', 'L', 'NULL', '', '', 'L'),
('08772010029', 'Mangaraja Simangunsong', '77201', '2008', '1948-02-02', 'Medan', '', 'L', '', '', '', '', '', 'L', 'NULL', '', '', 'L'),
('08772010030', 'Risgono Simatupang', '77201', '2008', '1951-10-17', 'Jakarta', '', 'P', '', '', '', '', '', 'L', '', '', '', 'L'),
('08772010031', 'Carimin Mariun Arthemas', '77201', '2008', '1967-06-05', 'Banjar Negara', '', 'L', '', '', '', '', '', 'N', '', '', '', 'N'),
('08772010032', 'Gleadys Supit', '77201', '2008', '1990-06-27', 'Jakarta', '', 'P', '', '', '', '', '', 'N', 'NULL', '', '', 'N'),
('08772010033', 'Mulia Simanungkalit', '77201', '2008', '1968-05-28', 'Jakarta', '', 'L', '', '', '', '', '', 'L', '3276052805680000', '', 'be704977-9a68-47b6-931d-7e56bc243ac4', 'L'),
('08772010034', 'Lisraida Purba', '77201', '2008', '1968-08-17', 'Jakarta', '', 'P', '81384503331', 'lis.raida@gmail.com', '', '', '', 'L', '3174045708680000', '', 'e3abb43e-6916-47bb-94c6-b4e3710f8b9f', 'L'),
('08772010035', 'Sochinaso Waruwu', '77201', '2008', '1962-12-01', 'Sumatera Utara', '', 'L', '', '', '', '', '', 'L', 'NULL', '', '', 'L'),
('08772010036', 'Bimambang', '77201', '2008', '1973-09-09', 'Surakarta', '', 'L', '', '', '', '', '', 'L', 'NULL', '', '', 'L'),
('08772010037', 'Agustinus', '77201', '2008', '1965-08-27', 'Bakung', '', 'L', '', '', '', '', '', 'L', 'NULL', '', '', 'L'),
('08772010038', 'Chatarina Eva Mintaria', '77201', '2008', '1972-01-05', 'Semarang', '', 'P', '', '', '', '', '', 'L', 'NULL', '', '', 'L'),
('08772010039', 'Ogi Zipora Rebeka', '77201', '2008', '1968-03-28', 'Bandung', '', 'P', '', '', '', '', '', 'L', 'NULL', '', '', 'L'),
('08772010040', 'Koesyono', '77201', '2008', '1936-06-11', 'Purwokerto', '', 'L', '', '', '', '', '', 'L', 'NULL', '', '', 'L'),
('09772010041', 'Nur Rokhim', '77201', '2009', '1974-07-10', 'Ngawi', '', 'L', '', '', '', '', '', 'L', '3201131007740000', '', 'ab0d3703-b5c4-4f5b-b524-4870f753c617', 'L'),
('09772010042', 'Patrick Sujono', '77201', '2009', '1974-04-11', 'Jakarta', '', 'L', '', '', '', '', '', 'N', '', '', '', 'N'),
('09772010043', 'Nancy Louise T.D. Isak', '77201', '2009', '1961-09-29', 'Depok', '', 'P', '', '', '', '', '', 'L', '3276016912610000', '', 'a0d269d3-5f2b-4b56-b3a3-75a579f45073', 'L'),
('09772010044', 'Yosep Belay', '77201', '2009', '1980-10-11', 'Ambon', '', 'L', '', '', '', '', '', 'L', '3277021110800010', '', 'a3fc4e91-62ae-410e-8c54-1526c042b71c', 'L'),
('09772010045', 'Jane', '77201', '2009', '1979-10-29', 'Bogor', '', 'P', '', '', '', '', '', 'L', '3271026910790000', '', '11ad45d1-951e-40e6-bf4c-0b21dc646fa8', 'L'),
('09772010046', 'Frangky Alfred Matulessy', '77201', '2009', '1985-07-01', 'Ambon', '', 'L', '85320002125', 'franky.alfred85@gmail.com', '', '', '', 'L', '3217020107850340', '', '1aac6f4d-f6e5-43e3-8550-2ed3269cc526', 'L'),
('09772010047', 'Yatris Loho', '77201', '2009', '1975-01-14', 'Manado', '', 'P', '', '', '', '', '', 'N', 'NULL', '', '', 'N'),
('09772010048', 'Israel Jarot A. Iswanto', '77201', '2009', '1965-09-16', 'Magelang', '', 'L', '', '', '', '', '', 'N', 'NULL', '', '', 'N'),
('09772010049', 'Yohanna Darungo', '77201', '2009', '1958-12-27', 'Bitung', '', 'L', '', '', '', '', '', 'L', '3276056712580000', '', '17163ce1-13e7-4494-8325-afad105143cb', 'L'),
('09772010050', 'Baskami Tarigan', '77201', '2009', '1966-10-08', 'Kaban Jahe', '', 'L', '', '', '', '', '', 'L', '8010066', '', 'a0baf5b8-d50d-42ba-8bb5-788073533575', 'L'),
('09772010051', 'Intan Teresia Purba', '77201', '2009', '1984-02-21', 'Jakarta', '', 'P', '', '', '', '', '', 'N', '', '', '', 'N'),
('09772010052', 'Yunita Ramian Hutasoit', '77201', '2009', '1969-06-16', 'Jakarta', '', 'P', '', '', '', '', '', 'N', 'NULL', '', '', 'N'),
('09772010053', 'Lady Yohana N. Gaspersz', '77201', '2009', '1981-08-18', 'Kupang', '', 'P', '', '', '', '', '', 'N', 'NULL', '', '', 'N'),
('09772010054', 'Hetty Elizabeth', '77201', '2009', '1962-06-23', 'Palembang', '', 'P', '', '', '', '', '', 'N', 'NULL', '', '', 'N'),
('10772010055', 'Neltje Fintje Katuuk', '77201', '2010', '1953-10-27', 'Manado', '', 'P', '', '', '', '', '', 'N', 'NULL', '', '', 'N'),
('10772010056', 'Yana Yuni A. Mahundingan', '77201', '2010', '1981-10-27', 'Jakarta', '', 'P', '', '', '', '', '', 'N', 'NULL', '', '', 'N'),
('10772010057', 'Maria Lita Rismawati', '77201', '2010', '1993-07-25', 'Jakarta', '', 'P', '', '', '', '', '', 'L', '3276016507930010', '', '93e5aff0-faf9-4b30-8419-cb037d26601a', 'L'),
('10772010058', 'Monalisa Rumamite', '77201', '2010', '1991-03-13', 'Sanahu', '', 'P', '85280527585', '', '', '', '', 'L', '8106114303910000', '', 'bc485eab-a455-4e12-95f0-369a0b5477f0', 'L'),
('10772010059', 'Justinus Andrew', '77201', '2010', '1986-08-27', 'Jakarta', '', 'L', '', '', '', '', '', 'N', '', '', '', 'N'),
('10772010060', 'Eddy Fransiskhy', '77201', '2010', '1989-12-22', 'Sekendal', '', 'L', '', '', '', '', '', 'L', 'NULL', '', '', 'L'),
('10772010061', 'Mardi', '77201', '2010', '1967-10-07', 'Wonogiri', '', 'L', '', '', '', '', '', 'N', 'NULL', '', '', 'N'),
('10772010062', 'Ratioman Manik', '77201', '2010', '1970-06-23', 'Kuta Tengah', '', 'L', '', '', '', '', '', 'N', 'NULL', '', '', 'N'),
('10772010063', 'Spelman Nyita', '77201', '2010', '1966-09-05', 'Ternate', '', 'L', '', '', '', '', '', 'N', 'NULL', '', '', 'N'),
('10772010064', 'Muliati Diba', '77201', '2010', '1968-11-03', 'Meral', '', 'P', '', '', '', '', '', 'N', 'NULL', '', '', 'N'),
('10772010065', 'Libertin Hia', '77201', '2010', '1986-04-17', 'Nias', '', 'P', '', '', '', '', '', 'N', 'NULL', '', '', 'N'),
('10772010066', 'Yvonne Makaminan Abdul Madjid', '77201', '2010', '1945-01-03', 'Subang', '', 'P', '8179884418', '', '', '', '', 'L', '3276054301450000', '', 'efbb04c1-a365-4f32-819b-bb5ad6579577', 'L'),
('10772010067', 'Margaretha Retno Daru Dewi', '77201', '2010', '1971-01-17', 'Jakarta', '', 'P', '', '', '', '', '', 'N', 'NULL', '', '', 'N'),
('10772010068', 'Isolita Maritawa Latumanuwy', '77201', '2010', '1979-10-16', 'Latta', '', 'P', '85217382301', '', '', '', '', 'L', '3276055610790010', '', 'f9ef1703-b2bf-424a-8b2e-59250b80282d', 'L'),
('10772010069', 'Markus Samiyo', '77201', '2010', '1967-06-07', 'Wonogiri', '', 'L', '', '', '', '', '', 'L', '3276051106670000', '', '4e96c6a9-ee85-4466-b12b-239beb0012d5', 'L'),
('10772010070', 'Rizal', '77201', '2010', '1988-01-06', 'Jakarta', '', 'L', '', '', '', '', '', 'N', 'NULL', '', '', 'N'),
('10772010071', 'Imanuel Chandra G. South', '77201', '2010', '0000-00-00', '', '', 'L', '', '', '', '', '', 'N', 'NULL', '', '', 'N'),
('12772010072', 'Novrian Marlon', '77201', '2012', '1974-11-27', 'Palembang', '', 'L', '', '', '', '', '', 'L', '3174092711740000', '', '0487bdc8-b53e-4d99-b539-ed4a51760be2', 'L'),
('12772010073', 'Agfritty Raf', '77201', '2012', '1975-08-01', 'Jakarta', '', 'P', '', '', '', '', '', 'L', '3174094108750000', '', 'ec5e76a4-426b-4fe8-b0dd-523e0931e40e', 'L'),
('12772010074', 'Robin Panggabean', '77201', '2012', '1972-06-10', 'Langsa', '', 'L', '', '', '', '', '', 'L', '', '', '', 'L'),
('12772010075', 'Christiana', '77201', '2012', '1967-03-18', 'Bandung', '', 'P', '', '', '', '', '', 'L', '3276015803670000', '', 'aa7d3888-7ddd-43a6-aae2-d54cc981d19d', 'L'),
('12772010076', 'Rugun H. Maro S.', '77201', '2012', '1964-04-12', 'Kota Cane', '', 'P', '', '', '', '', '', 'N', 'NULL', '', '', 'N'),
('12772010077', 'Teti Kusmiati', '77201', '2012', '1972-07-01', 'Lawe Parbungu', '', 'P', '', '', '', '', '', 'L', '3201014107720010', '', '6fd62e48-87d0-46ca-9542-eccf9b996681', 'L'),
('12772010078', 'Irgy Rerena Purba', '77201', '2012', '1993-12-22', 'Jakarta', '', 'P', '', '', '', '', '', 'L', '3276046212930000', '', '4f21d0db-f04b-4c11-b755-91984db30503', 'L'),
('12772010079', 'Henih', '77201', '2012', '1985-10-03', 'Bogor', '', 'P', '81297419366', 'henih-ii@yahoo.com', '', '', '', 'N', 'NULL', '', '', 'N'),
('12772010080', 'Lievandy Roan Tiwow', '77201', '2012', '1987-01-18', 'Wineru', '', 'L', '89652049122', 'lievandytiwow@gmail.com', '', '', '', 'L', '7102961801870000', '', 'a21cdd39-9c95-484b-afc1-83de820d31dc', 'L'),
('12772010081', 'Sarah Tisyanita', '77201', '2012', '0000-00-00', '', '', 'P', '', '', '', '', '', 'N', 'NULL', '', '', 'N'),
('12772010082', 'Merry Lydia Pieter', '77201', '2012', '0000-00-00', '', '', 'L', '', '', '', '', '', 'N', 'NULL', '', '', 'N'),
('12772010083', 'Antonius Paparang', '77201', '2012', '1972-04-10', 'Manado', '', 'L', '', '', '', '', '', 'L', '7104061004720000', '', '089fb900-eb06-4820-9249-abbd565c4355', 'L'),
('12772010084', 'Melva Ulido Tobing', '77201', '2012', '1963-02-21', 'Jakarta', '', 'P', '', '', '', '', '', 'L', '3276046102630000', '', 'c97ac4dc-63c6-4e3b-b53a-0bb8412a3446', 'L'),
('12772010085', 'Sumarno', '77201', '2012', '1983-05-05', 'Magelang', '', 'L', '', '', '', '', '', 'L', '3276010505830010', '', 'b7b9d3af-4bbe-47cd-8753-bd90859f29c3', 'L'),
('13772010086', 'Ferlin Lakoro', '77201', '2013', '1984-04-14', 'Tokilo', '', 'P', '', '', '', '', '', 'L', '3175085404840000', '', 'fb4dcd8c-f0da-4a56-809f-f382fc4a332a', 'L'),
('13772010087', 'Suhartoni Yonathan Salusu', '77201', '2013', '1965-10-03', 'Makasar', '', 'L', '', '', '', '', '', 'L', '3276050310650000', '', 'e0ad2bd5-dd45-4e61-a30b-2b4eb9d84cf2', 'L'),
('13772010088', 'Endah Herbani Pertiwi', '77201', '2013', '1974-07-24', 'Jakarta', '', 'P', '', '', '', '', '', 'N', '3271026407740000', '', '483c2b10-e356-4238-a18d-466c0698f76d', 'N'),
('13772010091', 'Tumpal Caesar P. Manullang', '77201', '2013', '1986-06-04', 'Bogor', '', 'L', '89636968832', 'tumpalcaesar@yahoo.co.id', '', '', '', 'N', 'NULL', '', '', 'N'),
('13772010092', 'Alfans Agnes Tamasiwa', '77201', '2013', '1993-12-18', 'Ambon', '', 'P', '', '', '', '', '', 'N', '', '', '1491c52e-303e-4b60-8839-5ce90743780b', 'N'),
('13772010093', 'Hendi', '77201', '2013', '1993-12-17', 'Sebangki', '', 'L', '', '', '', '', '', 'N', '', '', '', 'N'),
('13772010094', 'Elia Karamoy', '77201', '2013', '1973-06-06', 'Jakarta', '', 'L', '', '', '', '', '', 'N', '', '', '', 'N'),
('13772010095', 'Karinus Gulo', '77201', '2013', '1982-11-07', 'Nias', '', 'L', '81374497648', '', '', '', '', 'N', '', '', '', 'N'),
('13772010096', 'Riwu Herman Odniel', '77201', '2013', '1969-11-09', 'Depok', '', 'L', '', '', '', '', '', 'N', 'NULL', '', '', 'N'),
('13772010098', 'Rani Eryani', '77201', '2013', '1979-06-27', 'Bogor', '', 'P', '89661993868', 'kris.rani@yahoo.com', '', '', '', 'N', '', '', '', 'N'),
('13772010099', 'Kis P. Rangkoratat', '77201', '2013', '1969-06-08', 'Lat Dalam', '', 'L', '85311507733', 'kis.rani@yahoo.com', '', '', '', 'N', '', '', '', 'N'),
('13772010100', 'Noflin Badjadji', '77201', '2013', '1982-11-17', 'Sulewana', '', 'L', '81342067353', '', '', '', '', 'L', '720204571182003', '', 'f5446cfd-f21c-4284-9aa8-522ec61827c0', 'L'),
('13772010101', 'Rosita Kafiar', '77201', '2013', '0000-00-00', 'Sumedang', '', 'P', '87870338045', '', '', '', '', 'N', '', '', '', 'N'),
('13772010102', 'Thomas Kafiar', '77201', '2013', '1967-12-18', 'Biak Papua', '', 'L', '81384019354', 'thomaskafiar@yahoo.co.id', '', '', '', 'N', '', '', '', 'N'),
('13772010103', 'Agustina Valentina Kafiar', '77201', '2013', '1995-02-14', 'Bogor', '', 'P', '', '', '', '', '', 'N', '', '', '', 'N'),
('13772010104', 'Dedy Mulya', '77201', '2013', '1973-01-30', 'Cianjur', '', 'L', '81573049556', '', '', '', '', 'N', '', '', '', 'N'),
('13772010105', 'Daniel Soetjipto', '77201', '2013', '1953-12-07', 'Ambarawa', '', 'L', '8128169868', '', '', '', '', 'N', '', '', '', 'N'),
('13772010106', 'Wahyu bbb', '77201', '2013', '1986-04-24', 'Bogor', '', 'P', '8170977007', 'keiji.kunchana@yahoo.com', '', '', '', 'N', '', '', '', 'N'),
('13772010107', 'Purwanto Adhi Subarkah', '77201', '2013', '1981-02-18', 'Bogor', '', 'L', '81905119700', 'purwanoadhi.s@gmail.com', '', '', '', 'N', '', '', '', 'N'),
('13772010108', 'Frederik Mailoa', '77201', '2013', '1969-02-09', 'Jakarta', '', 'L', '85215102804', '', '', '', '', 'N', '', '', '', 'N'),
('13772010109', 'Yohanes Tarigan', '77201', '2013', '1978-05-15', 'Bogor', '', 'L', '82123771890', 'yohanes.tarigan@gmail.com', '', '', '', 'L', '3201011505780020', '', '54737f08-5f02-4af9-b38e-6189c009466b', 'L'),
('13772010111', 'Isak cccc', '77201', '2013', '1978-05-22', 'Upuhupun', '', 'L', '0812 9422 2009', 'sttibisak@gmail.com', '', '', '', 'N', '', '', '', 'N'),
('14772010112', 'Hendri', '77201', '2014', '1992-04-08', 'Jakarta', '', 'L', '', '', '', '', '', 'L', '3276050804920000', '', 'ad47b96b-4f4b-4ec6-80c5-f9147cd80d06', 'L'),
('14772010113', 'sssss', '77201', '2014', '1986-10-21', 'Medan', '', 'L', '85357918156', '', '', '', '', 'N', '', '', '', 'N'),
('14772010114', 'Nurhayati', '77201', '2014', '1995-01-28', 'Mentawai', '', 'L', '82231468333', '', '', '', '', 'N', '', '', '', 'N'),
('14772010115', 'Sjane Serly Kodongan', '77201', '2014', '1973-09-23', 'Manado', '', 'P', '81373923973', '', '', '', '', 'N', '', '', '', 'N'),
('14772010116', 'Liyanawati', '77201', '2014', '1974-07-22', 'Jakarta', '', 'P', '82183162274', '', '', '', '', 'N', '', '', '', 'N'),
('15772010118', 'Laura Febrina Darungo', '77201', '2015', '1983-02-15', 'Depok', '', 'P', '', '', '', '', '', 'N', '', '', '', 'N'),
('15772010119', 'Henri Hutagalung', '77201', '2015', '1962-10-10', 'Medan', '', 'L', '81281267582', '', '', '', '', 'N', '', '', '', 'N'),
('15772010120', 'Ribka', '77201', '2015', '1989-04-24', 'Kampinnisan', '', 'P', '81288436334', '', '', '', '', 'N', '7603086404890000', '', '0f6fa498-8714-4a1c-9fcc-e78432f3c927', 'N'),
('15772010121', 'Melo Samuel David', '77201', '2015', '1940-09-18', 'Sanggan', '', 'L', '818718940', '', '', '', '', 'N', '3174041809400000', '', '6a8f258d-4519-4f23-926c-4d78d60bcef4', 'N'),
('15772010123', 'NN', '77201', '2015', '1964-06-10', 'Jakarta', '', 'L', '81806529103', '', '', '', '', 'N', '3276011006640000', '', 'e07a0154-181d-41df-91e3-6abbd6c47549', 'N'),
('15772010124', 'Hasurungan Tampubolon', '77201', '2015', '1959-10-05', 'Pemantang Siantar', '', 'L', '8161324479', '', '', '', '', 'N', '', '', '', 'N'),
('15772010125', 'Djoni Satika', '77201', '2015', '1961-07-09', 'Pontianak', '', 'L', '81807810411', '', '', '', '', 'N', '', '', '', 'N'),
('15772010128', 'Mulyadi C. Widjaya', '77201', '2015', '0000-00-00', '', '', 'L', '', '', '', '', '', 'N', '', '', '', 'N'),
('15772010131', 'Natan Boas Hambe', '77201', '2015', '1992-09-13', 'Kiama', '', 'L', '82115811818', '', '', '', '', 'N', '3203121309920000', '', 'a5156918-de67-4ade-8846-75a6becb597a', 'N'),
('15772010138', 'Yulius Kristianto', '77201', '2015', '1993-12-11', 'Cimahi', '', 'L', '', '', '', '', '', 'N', '3277021112930010', '', '6f5cba9b-dd39-482e-8a59-04d9eb737815', 'N'),
('15772010139', 'Fitriani Suzana', '77201', '2015', '1979-08-30', 'Cimahi', '', 'P', '85721673888', 'lian.liem88@gmail.com', '', '', '', 'N', '3277027008790010', '', 'fa72c0a9-adf0-40ca-881d-b787fa32f6d2', 'N'),
('16772010140', 'Nila Webby Andayani', '77201', '2016', '1977-11-02', 'Jakarta', '', 'P', '81584001977', '', '', '', '', 'N', '3174094211770000', '', '30c560b1-0501-4f3c-b84a-16e62747ded7', 'N'),
('16772010141', 'Srini Andajani', '77201', '2016', '1967-07-30', 'Malang', '', 'P', '', '', '', '', '', 'A', '3276055007870000', '', 'd8371bcb-1d1d-4026-9723-02ed6468424d', 'A'),
('16772010142', 'Margaretha Purba', '77201', '2016', '1973-05-13', 'Solok', '', 'P', '81396643285', '', '', '', '', 'L', '1706015305730000', '', '35db356d-0654-4481-a762-270eb6c20497', 'L'),
('16772010143', 'Militsia Christi Haribulan', '77201', '2016', '1997-05-02', 'Manado', '', 'P', '81340320374', '', '', '', '', 'L', '7171024205970000', '', '55b13dae-ba7c-4c50-afb8-7f8a010807bf', 'L'),
('16772010144', 'Juni Riawati Lumbantobing', '77201', '2016', '1994-06-25', 'Tarutung', '', 'P', '82113369468', '', '', '', '', 'N', '1202016506940000', '', 'f0451343-4106-4f90-871b-ebe55a4c92f3', 'N'),
('16772010145', 'Merry Lumingkewas', '77201', '2016', '1987-03-10', 'Gorontalo', '', 'P', '82347638044', '', '', '', '', 'L', '7171075003870000', '', 'ef8e85d5-38db-459e-8c2c-303f2fa598e9', 'L'),
('16772010146', 'Gresia Haloho', '77201', '2016', '1998-02-17', 'Siarang-arang', '', 'P', '81322199615', '', '', '', '', 'L', '1407085702980000', '', '99c648ed-f3ac-4c45-a54b-92e73fc3ec57', 'L'),
('16772010147', 'Andreas Pamuji', '77201', '2016', '1966-08-04', 'Wonogiri', '', 'L', '', '', '', '', '', 'L', '1601130804660000', '', '', 'L'),
('16772010148', 'Trivena Ellen', '77201', '2016', '1991-04-24', 'Jakarta', '', 'P', '8999050218', '', '', '', '', 'N', '3276056404910000', '', '501b1938-c885-4684-83e8-0e6e0b8ba99d', 'N'),
('16772010149', 'Rita Eaudia', '77201', '2016', '1967-04-20', 'Pontianak', '', 'P', '', '', '', '', '', 'L', '3276056004670000', '', 'b666b640-b766-4418-a3d2-0f4e39de10c3', 'L'),
('16772010150', 'Debby Efrida Nainggolan', '77201', '2016', '1997-12-29', 'Depok', '', 'P', '89628582105', '', '', '', '', 'L', '3276066912970000', '', '23663925-c2ea-4743-8691-134e04825c0b', 'L'),
('16772010151', 'Mardjono', '77201', '2016', '1960-04-27', 'Solo', '', 'L', '8126095881', '', '', '', '', 'L', '3276052704600000', '', '87c4dcb1-8589-44f3-8a2d-c4f5704a5469', 'L'),
('16772010152', 'Indira Florida Mayr', '77201', '2016', '1992-10-05', 'Jakarta', '', 'P', '89673390475', '', '', '', '', 'N', '', '', '', 'N'),
('16772010153', 'Robetta Sitepu', '77201', '2016', '1996-11-02', 'Kaban Jahe', '', 'L', '89613263921', '', '', '', '', 'N', '', '', '', 'N'),
('16772010154', 'Annisa Natalia', '77201', '2016', '1993-12-25', 'Depok', '', 'P', '85885532337', '', '', '', '', 'N', '', '', '', 'N'),
('16772010157', 'Yosua Moses Hasiholan', '77201', '2016', '1994-11-24', 'Bandung', '', 'L', '', '', '', '', '', 'L', '1871012411940000', '', 'a05d2541-fb89-4f49-89f5-cc65d06bde1e', 'L'),
('16772010159', 'Abed Nego Harjanto', '77201', '2016', '1970-07-12', 'Blitar', '', 'L', '', '', '', '', '', 'A', '1804211207700000', '', '3f3c3c8e-3944-45f1-a82f-208979766319', 'A'),
('16772010160', 'Godang Manihuruk', '77201', '2016', '1988-12-19', 'Tapanuli', '', 'L', '', '', '', '', '', 'L', '1801051912880000', '', '06d3b30c-3899-4665-ba93-b49d9a6750e4', 'L'),
('16772010161', 'Yuce Hengki S.', '77201', '2016', '1975-08-21', 'Penkase', '', 'L', '', '', '', '', '', 'L', '1801052106750000', '', '64ddb4e4-bcbc-4324-9de4-247c710c4085', 'L'),
('16772010162', 'Samsul Markus Situmeang', '77201', '2016', '1986-10-21', 'Medan', '', 'L', '', '', '', '', '', 'L', '1871122110860000', '', 'ba959243-2c71-43d2-89eb-cfceebf15e26', 'L'),
('16772010163', 'Sabar Hati Laia', '77201', '2016', '1996-08-01', 'Nias', '', 'L', '', '', '', '', '', 'L', '1871050108960000', '', 'c3a3544b-fbe4-4c4a-833c-a3d41cfd5835', 'L'),
('16772010164', 'Margiyati', '77201', '2016', '1972-10-25', 'Rejosari', '', 'P', '', '', '', '', '', 'L', '1801046510720000', '', '0b988391-b4c2-47c2-97a5-e744728d38c8', 'L'),
('16772010165', 'Tambatua Tampubolon', '77201', '2016', '1966-11-27', 'Medan', '', 'L', '', '', '', '', '', 'L', '1801042711660000', '', '453db9ca-18ec-401c-b0f7-913aa4be2a9b', 'L'),
('16772010197', 'Palti Hatta Simbolon', '77201', '2016', '1975-01-19', 'Rantau Prapat', '', 'L', '', '', '', '', '', 'L', '3202331901750000', '', 'NULL', 'L'),
('16772010198', 'Victor Immanuel Parrang', '77201', '2016', '1978-06-06', 'Tana Toraja', '', 'L', '', '', '', '', '', 'L', '3276050606780000', '', '0b88186c-dfb1-4d3f-b625-163e59303cbc', 'L'),
('16772010199', 'Mutiara Marsa Arif', '77201', '2016', '1993-03-07', 'Jakarta', '', 'P', '', '', '', '', '', 'L', '3201134703930010', '', 'a37716ed-5be8-41d0-906f-c00950a223d3', 'L'),
('16772010200', 'Berkat Nadeak', '77201', '2016', '1990-10-10', 'Bukit Soso', '', 'L', '', '', '', '', '', 'L', '3276022010910010', '', 'f55ef9e6-beaf-4646-98a1-50c81805ffea', 'L'),
('16772010201', 'Amelia Hehakaya', '77201', '2016', '1995-01-20', 'Ihamahu', '', 'P', '85254473563', 'ameliaheharaya@yahoo.co.id', '', '', '', 'L', '9271056001950000', '', 'a8a10393-9978-4599-8381-066639662fa5', 'L'),
('16772010202', 'Romay Silitonga', '77201', '2016', '1996-10-25', 'Hutanabolon', '', 'P', '', '', '', '', '', 'L', '1201146510960000', '', 'ff7194aa-bf9b-413f-8e07-1aa74014a0f2', 'L'),
('16772010203', 'Nelson Haloho', '77201', '2016', '1965-11-17', 'Tebing Tinggi Deli', '', 'L', '81310980552', '', '', '', '', 'A', '3174041711650010', '', '92a121de-f39e-46e4-bdc4-730608e5992a', 'A'),
('16772010204', 'Precilia Oktaviana', '77201', '2016', '1991-10-15', 'Jakarta', '', 'P', '', '', '', '', '', 'L', '3276035510910000', '', '8954b859-0b40-481e-b820-f67e2858413f', 'L'),
('16772010205', 'Merlita Misseyer', '77201', '2016', '1975-09-06', 'Depok', '', 'P', '', '', '', '', '', 'L', '3201374609750000', '', 'dace8212-6d53-4b5e-8fbd-944f292c4064', 'L'),
('16772010206', 'Jay Nitra Sembiring', '77201', '2016', '1996-04-01', 'Biru-biru', '', 'L', '', '', '', '', '', 'L', '3276020104960010', '', 'cead46f3-e48c-4355-bd37-297d60e012b5', 'L'),
('16772010207', 'Desi Natalia Aritonang', '77201', '2016', '1987-12-07', 'Cimahi', '', 'P', '82116238607', 'desi_n87@yahoo.co.id', '', '', '', 'L', '3277024712870000', '', '082463c1-717c-4b63-95c2-9a64e50288a9', 'L'),
('16772010208', 'Yanuar Budi Christian', '77201', '2016', '1991-01-17', 'Cimahi', '', 'L', '87823333121', 'sinphobia.dzn@gmail.com', '', '', '', 'A', '3277031701910020', '', '8f3cf12c-956a-4e60-8ec0-0b0d16b7104b', 'A'),
('16772010209', 'Jennifer Novthania Chriszanda', '77201', '2016', '1993-11-06', 'Bekasi', '', 'P', '85724459844', 'jennifer.novthania@gmail.com', '', '', '', 'A', '3277034611930010', '', 'ded64a3b-52a0-498f-9082-db15d3b99eb3', 'A'),
('16772010210', 'Penny Indrasari', '77201', '2016', '1976-11-21', 'Cimahi', '', 'P', '816619754', '', '', '', '', 'L', '3277016111750010', '', '919c3ef6-a998-4404-bd56-f6c71656a38f', 'L'),
('16772010211', 'Ranto Tua Hasiholan Silalahi', '77201', '2016', '1986-05-08', 'Lampung', '', 'L', '81312565167', '', '', '', '', 'A', '3217080805860000', '', '9ffa082a-c7ce-45e2-94cb-95c6b67c14e6', 'A'),
('16772010212', 'Ana Herlina', '77201', '2016', '1973-08-21', 'Bandung', '', 'P', '85323303596', '', '', '', '', 'A', '3211156108730000', '', '37c9acc0-38ee-4bb6-863b-f8c54ca0f701', 'A'),
('16772010213', 'Nelly Dame Mariana', '77201', '2016', '1981-04-28', 'Cimahi', '', 'P', '81222706675', 'nelly.dame@yahoo.com', '', '', '', 'L', '3273066804810000', '', 'eed19ffc-e80b-4fe5-aeda-b4bad114295f', 'L'),
('16772010214', 'David Dermawan', '77201', '2016', '1958-11-20', 'Bandung', '', 'L', '', '', '', '', '', 'A', '1871022011580000', '', '291baaf5-5c67-483d-9ee0-a5862632b63d', 'A'),
('16772010215', 'Rini Suprapti', '77201', '2016', '1974-04-23', 'Bogor', '', 'P', '', '', '', '', '', 'L', '3201256304740000', '', 'NULL', 'L'),
('16772010216', 'Leidy Gosal', '77201', '2016', '1976-01-27', 'Bogor', '', 'P', '', '', '', '', '', 'L', '3201256701760000', '', 'NULL', 'L'),
('16772010217', 'Kristian T. J. Kamasi', '77201', '2016', '1976-06-03', 'Bogor', '', 'L', '', '', '', '', '', 'L', '3201260306760000', '', 'NULL', 'L'),
('17772010155', 'Marudu Marulitua Limbong', '77201', '2017', '1980-03-15', 'Pulopakat', '', 'L', '', '', '', '', '', 'A', '1871111503800000', '', '', 'A'),
('17772010156', 'Fredirikus Angga Yuli Saputra', '77201', '2017', '1992-08-20', 'Bandar Lampung', '', 'L', '', '', '', '', '', 'L', '1871022007920000', '', '', 'L'),
('17772010160', 'Andreas Gunawan', '77201', '2017', '1992-08-29', 'Kota Baru', '', 'L', '', '', '', '', '', 'N', '6371042908920010', '', 'NULL', 'N'),
('17772010161', 'Dimitri Februar Usodo', '77201', '2017', '1969-02-10', 'Surabaya', '', 'L', '', '', '', '', '', 'L', '3271011002690010', '', 'NULL', 'L'),
('17772010163', 'Elisabet Corrie', '77201', '2017', '1962-03-01', 'Mojokerto', '', 'P', '', '', '', '', '', 'L', '3271064103620000', '', 'NULL', 'L'),
('17772010165', 'Jenny Magdalena Basary', '77201', '2017', '1961-06-24', 'Jakarta', '', 'P', '', '', '', '', '', 'A', '3276056406610000', '', 'NULL', 'A'),
('17772010166', 'Vania Earlene Patricia Basary', '77201', '2017', '1998-07-05', 'Jakarta', '', 'P', '', '', '', '', '', 'A', '3276054507980010', '', 'NULL', 'A'),
('17772010167', 'ganti', '77201', '2017', '1966-04-20', 'Purwokerto', '', 'P', '', '', '', '', '', 'N', '3271066004660000', '', 'NULL', 'N'),
('17772010168', 'Leslie Frederik Hetharia', '77201', '2017', '1964-06-10', 'Jakarta', '', 'L', '', '', '', '', '', 'A', '3276011006640000', '', 'NULL', 'A'),
('17772010169', 'Kevin Argindo', '77201', '2017', '1997-11-29', 'Jakarta', '', 'L', '', '', '', '', '', 'A', '3174012911970000', '', 'NULL', 'A'),
('17772010170', 'Frenky Bunadi', '77201', '2017', '1976-05-06', 'Cirebon', '', 'L', '', '', '', '', '', 'L', '3202110605760000', '', 'NULL', 'L'),
('17772010176', 'Riong Megawaty Gultom', '77201', '2017', '1999-08-28', 'Rahutbosi', '', 'P', '', '', '', '', '', 'L', '1202136808990000', '', 'NULL', 'L'),
('18772010171', 'Jhon May Edys Sinaga', '77201', '2018', '1977-05-01', 'P. Tongah', '', 'L', '', '', '', '', '', 'N', '3674030105770000', '', 'NULL', 'N'),
('18772010172', 'Donna Karmalita Ponga', '77201', '2018', '1970-12-12', 'Jakarta', '', 'P', '', '', '', '', '', 'N', '3201155212700000', '', 'NULL', 'N'),
('18772010173', 'Joko Sugiri', '77201', '2018', '1968-07-27', 'Jakarta', '', 'L', '', '', '', '', '', 'A', '3271032707680000', '', 'NULL', 'A'),
('18772010174', 'Victor Fernandes Mamoto', '77201', '2018', '1994-01-08', 'Bogor', '', 'L', '', '', '', '', '', 'N', '3276020801940000', '', 'NULL', 'N'),
('18772010175', 'Biend Apriwaty Saragih', '77201', '2018', '1972-04-08', 'Bah Pasdukang', '', 'P', '', '', '', '', '', 'A', '3276014804720000', '', 'NULL', 'A'),
('18772010176', 'Yosep Hengli Sutanto', '77201', '2018', '1971-03-02', 'Bogor', '', 'L', '', '', '', '', '', 'N', '', '', 'NULL', 'N'),
('18772010177', 'edi g', '77201', '2018', '1967-01-24', 'Bogor', '', 'L', '', '', '', '', '', 'N', '', '', 'NULL', 'N'),
('18772010178', 'Sri Murwani Hari Priyawati', '77201', '2018', '1962-04-01', 'Sukoharja', '', 'P', '', '', '', '', '', 'A', '3276054104620000', '', 'NULL', 'A'),
('18772010179', 'Benget Silaban', '77201', '2018', '1986-04-20', 'Peasanggui', '', 'L', '', '', '', '', '', 'N', '', '', 'NULL', 'N'),
('18772010180', 'Rikaldi', '77201', '2018', '1985-06-06', 'Jakarta', '', 'L', '', '', '', '', '', 'N', '', '', 'NULL', 'N'),
('18772010181', 'Marubah Sahala Roma Tua', '77201', '2018', '1971-05-17', 'Hutabaru', '', 'L', '', '', '', '', '', 'N', '3276061705710000', '', 'NULL', 'N'),
('18772010182', 'Evertz Malo Ndapatondo', '77201', '2018', '1977-12-20', 'Madison, USA', '', 'L', '', '', '', '', '', 'A', '3174092012770000', '', 'NULL', 'A'),
('18772010183', 'Lea Imelda Augustin', '77201', '2018', '1970-10-15', 'Jakarta', '', 'P', '', '', '', '', '', 'L', '3276015510700000', '', 'NULL', 'L'),
('18772010184', 'Dwi Setyowati', '77201', '2018', '1978-02-02', 'Gunung Kidul', '', 'P', '', '', '', '', '', 'A', '3276104202780000', '', 'NULL', 'A'),
('18772010185', 'Femmy Margaretha Situmeang', '77201', '2018', '1982-03-25', 'Jakarta', '', 'P', '', '', '', '', '', 'L', '3201016503820010', '', 'NULL', 'L'),
('18772010186', 'Jhony Kosasih', '77201', '2018', '1973-01-01', 'Jakarta', '', 'L', '', '', '', '', '', 'A', '3276050101720010', '', 'NULL', 'A'),
('18772010187', 'Danis Adikusuma', '77201', '2018', '1970-11-10', 'Sukabumi', '', 'L', '', '', '', '', '', 'A', '3272011011700000', '', 'NULL', 'A'),
('18772010188', 'Junri Danitanta Meliala', '77201', '2018', '1996-06-25', 'Jakarta', '', 'L', '', '', '', '', '', 'A', '3175092506960000', '', 'NULL', 'A'),
('18772010197', 'mm', '77201', '2018', '1962-03-01', 'Mojokerto', '', 'P', '', '', '', '', '', 'N', '', '', 'NULL', 'N'),
('18772010198', 'NN', '77201', '2018', '1976-05-06', 'Cirebon', '', 'L', '', '', '', '', '', 'N', '3202110605760000', '', 'NULL', 'N'),
('18772010199', 'aaaaa', '77201', '2018', '1971-03-02', 'Bogor', '', 'L', '', '', '', '', '', 'N', '3276110203710000', '', 'NULL', 'N'),
('18772010200', 'Jammy Emma Lestari Bernadus', '77201', '2018', '1966-04-20', 'Purwokerto', '', 'P', '', '', '', '', '', 'A', '3271066004660000', '', 'NULL', 'A'),
('19772010189', 'Ameriati Damanik', '77201', '2018', '1964-12-01', 'Pulau Brandan', '', 'P', '', '', '', '', '', 'A', '3216064112640020', '', 'NULL', 'A'),
('19772010190', 'Erni Carolin', '77201', '2019', '1999-12-23', 'Bekasi', '', 'P', '', '', '', '', '', 'A', '3216066312990010', '', 'NULL', 'A'),
('19772010191', 'Ferdinand Orlando Cicero Sundana', '77201', '2019', '1990-11-15', 'Tagulandang', '', 'L', '', '', '', '', '', 'A', '3216061511900000', '', 'NULL', 'A'),
('19772010192', 'Lindawati Pasaribu', '77201', '2019', '1974-07-20', 'Kolang', '', 'P', '', '', '', '', '', 'A', '3216066007740010', '', 'NULL', 'A'),
('19772010193', 'Naema Napitupulu', '77201', '2018', '1975-04-03', 'Medan', '', 'P', '', '', '', '', '', 'A', '3216064304750000', '', 'NULL', 'A'),
('19772010194', 'Robinhar Sundana', '77201', '2019', '1966-09-18', 'Tagulandang', '', 'L', '', '', '', '', '', 'A', '3216061809660010', '', 'NULL', 'A'),
('19772010195', 'Yusuf Nasarudin', '77201', '2019', '1960-10-05', 'Lemah Abang', '', 'L', '', '', '', '', '', 'A', '3275010510600030', '', 'NULL', 'A'),
('19772010196', 'Mansyur P Hutapea', '77201', '2019', '1978-06-19', 'Tapanuli', '', 'L', '', '', '', '', '', 'A', '3216061906780010', '', 'NULL', 'A'),
('19772010201', 'Charles Raymond Siregar', '77201', '2019', '1974-05-13', 'Jakarta', '', 'L', '', '', '', '', '', 'A', '3174021305740000', '', 'NULL', 'A'),
('19772010202', 'Dwi Woro Susy Hastuti Robot', '77201', '2019', '1964-03-09', 'Surakarta', '', 'P', '', '', '', '', '', 'A', '3276034903640000', '', 'NULL', 'A'),
('19772010203', 'Roult Yules Hasoloan S', '77201', '2019', '1965-08-29', 'Pekanbaru', '', 'L', '', '', '', '', '', 'N', '3276012908650000', '', 'NULL', 'N'),
('19772010204', 'Kurniadi Sutantio', '77201', '2019', '1965-04-24', 'Jakarta', '', 'L', '', '', '', '', '', 'A', '3201372404650000', '', 'NULL', 'A'),
('19772010205', 'Santo David Marpaung', '77201', '2019', '1981-09-20', 'Medan', '', 'L', '', '', '', '', '', 'A', '3274012009810000', '', 'NULL', 'A'),
('19772010206', 'Elfrida Hutauruk', '77201', '2019', '1985-03-04', 'Hutaraja', '', 'P', '', '', '', '', '', 'A', '3274034403850000', '', 'NULL', 'A'),
('19772010207', 'Jefrianus Viktor Boymau', '77201', '2019', '1985-06-22', 'Kupang', '', 'L', '', '', '', '', '', 'N', '2450032206850000', '', 'NULL', 'N'),
('19772010208', 'Rahmat Hidayat', '77201', '2019', '1976-09-09', 'Bogor', '', 'L', '', '', '', '', '', 'N', '3201370909760000', '', 'NULL', 'N'),
('19772010209', 'Cindy Fransisca Ulina Ginting', '77201', '2019', '2001-11-19', 'Depok', '', 'P', '', '', '', '', '', 'A', '3276075911010000', '', 'NULL', 'A'),
('19772010210', 'Leni Kristiani', '77201', '2019', '2000-08-20', 'Makasar', '', 'P', '', '', '', '', '', 'N', '', '', 'NULL', 'N'),
('19772010211', 'Gidion Immanuel Silalahi', '77201', '2019', '2002-06-11', 'Medan', '', 'L', '', '', '', '', '', 'N', '1271041106020000', '', 'NULL', 'N'),
('19772010212', 'Hendrik Johan Agung Nirahua', '77201', '2019', '1982-08-27', 'Bandung', '', 'L', '', '', '', '', '', 'A', '3201012708820000', '', 'NULL', 'A'),
('19772010213', 'Gabriel Marpaung', '77201', '2019', '1972-11-05', 'Medan', '', 'L', '', '', '', '', '', 'A', '3216061511720010', '', 'NULL', 'A'),
('19772010214', 'Christiana Sirait', '77201', '2019', '1972-12-23', 'Jakarta', '', 'P', '', '', '', '', '', 'A', '3216066312720010', '', 'NULL', 'A'),
('19772010215', 'Eddy Pransetya Gunawan', '77201', '2019', '1967-01-24', 'Bogor', '', 'L', '', '', '', '', '', 'A', '3271052401670000', '', 'NULL', 'A'),
('19772010216', 'Isak Ibrahim Kifta', '77201', '2019', '1978-05-22', 'Upuhupun', '', 'L', '', '', '', '', '', 'A', '3201042205780000', '', 'NULL', 'A'),
('19772010217', 'Wahyu Kencana', '77201', '2019', '1986-04-24', 'Bogor', '', 'L', '', '', '', '', '', 'A', '3271012404860000', '', 'NULL', 'A'),
('19772010218', 'Hengli Sutanto', '77201', '2019', '1971-03-02', 'Bogor', '', 'L', '', '', '', '', '', 'A', '3276110203710000', '', 'NULL', 'A'),
('19772010219', 'Eka Puji Lestari', '77201', '2019', '1989-04-14', 'Sekincau', '', 'P', '', '', '', '', '', 'A', '1871015404890010', '', 'NULL', 'A'),
('20772010220', 'Jitro Josafat', '77201', '2020', '1989-01-30', 'Jakarta', '', 'L', '', '', '', '', '', 'A', '3171083001890000', '', 'NULL', 'A'),
('20772010221', 'Nana Fransisca', '77201', '2020', '1975-05-25', 'Jakarta', '', 'P', '', '', '', '', '', 'A', '3174096505750000', '', 'NULL', 'A'),
('20772010222', 'Fanny Laurensius Saroinsong', '77201', '2020', '1988-08-10', 'Manado', '', 'L', '', '', '', '', '', 'N', '7171041008880000', '', 'NULL', 'N'),
('20772010223', 'Jeremy Anugerah Nathan', '77201', '2020', '2000-09-29', 'Bogor', '', 'L', '', '', '', '', '', 'A', '3271062909000000', '', 'NULL', 'A'),
('20772010224', 'Ricky Sutisna Benyamin', '77201', '2020', '1963-11-07', 'Bandung', '', 'L', '', '', '', '', '', 'A', '3271010711630010', '', 'NULL', 'A'),
('20772010225', 'Daniel Tri Waluyo', '77201', '2020', '1983-05-21', 'Purbalingga', '', 'L', '', '', '', '', '', 'A', '3271022105830010', '', 'NULL', 'A'),
('20772010226', 'Maya Fitri Susanti', '77201', '2020', '1991-05-02', 'Jakarta', '', 'P', '', '', '', '', '', 'N', '3201044205910000', '', 'NULL', 'N'),
('20772010227', 'Sri Hidayanti', '77201', '2020', '1971-05-30', 'Jakarta', '', 'P', '', '', '', '', '', 'A', '3276057005710000', '', 'NULL', 'A'),
('20772010228', 'Venny Grace Malonda', '77201', '2020', '1970-02-23', 'Manado', '', 'P', '', '', '', '', '', 'A', '', '', 'NULL', 'A'),
('20772010229', 'Derry Wiranto', '77201', '2020', '1988-01-18', 'Jakarta', '', 'L', '', '', '', '', '', 'N', '3276011811880000', '', 'NULL', 'N'),
('20772010230', 'Yvonne Tamar Debora Luntungan', '77201', '2020', '1969-10-20', 'Jakarta', '', 'P', '', '', '', '', '', 'A', '3276056010690000', '', 'NULL', 'A'),
('20772010231', 'Ordison Naklui', '77201', '2020', '1995-10-27', 'Poni', '', 'L', '', '', '', '', '', 'N', '5302212710950000', '', 'NULL', 'N'),
('20772010232', 'Adiwinata Tanumihardja', '77201', '2020', '1960-11-09', 'Bogor', '', 'L', '', '', '', '', '', 'A', '3271020911600000', '', 'NULL', 'A'),
('20772010233', 'Elizabeth', '77201', '2020', '1981-02-02', 'Indragiri hilir', '', 'P', '', '', '', '', '', 'A', '1405074202810000', '', 'NULL', 'A'),
('20772010246', 'Eva Yuliana', '77201', '2020', '1990-07-26', 'Bandung', '', 'P', '87826010758', '', '', '', '', 'A', '3216066607900010', '', 'NULL', 'A'),
('20772010247', 'Gindo Sianturi', '77201', '2020', '1974-08-28', 'Hutasihilap', '', 'L', '81210600401', '', '', '', '', 'A', '3275012808740030', '', 'NULL', 'A'),
('20772010267', 'Indra Setiawati', '77201', '2020', '2000-03-03', 'Purwo Kencono', '', 'P', '', '', '', '', '', 'A', '1807124303000010', '', 'NULL', 'A'),
('21772010234', 'Helena Kristina Wodi', '77201', '2021', '1987-06-03', 'Jakarta', '', 'P', '', '', '', '', '', 'A', '3276054306870000', '', 'NULL', 'A'),
('21772010235', 'Eka Sari Widiastuti', '77201', '2021', '1984-08-15', 'Malang', '', 'P', '', '', '', '', '', 'A', '1405015508840000', '', 'NULL', 'A'),
('21772010236', 'Deysi Tuju', '77201', '2021', '1976-12-16', 'Wolaang', '', 'P', '', '', '', '', '', 'A', '1405055612760000', '', 'NULL', 'A'),
('21772010237', 'Hidca Manapin Sihombing', '77201', '2021', '1993-07-09', 'Jambi', '', 'L', '', '', '', '', '', 'A', '1472020907930020', '', 'NULL', 'A'),
('21772010238', 'Daniel Sutaryana', '77201', '2021', '1973-07-23', 'Kuningan', '', 'L', '', '', '', '', '', 'A', '3208081300812000', '', 'NULL', 'A'),
('21772010239', 'Hanneke M. Erni Kuhu', '77201', '2021', '1956-11-13', 'Jakarta', '', 'P', '', '', '', '', '', 'A', '3175075311560000', '', 'NULL', 'A'),
('21772010240', 'Vica Natalia', '77201', '2021', '1982-09-30', 'Jakarta', '', 'P', '', '', '', '', '', 'A', '3276017009820000', '', 'NULL', 'A'),
('21772010241', 'Gustarina Hutauruk', '77201', '2021', '1983-08-16', 'Sibolga', '', 'P', '', '', '', '', '', 'A', '3276010210750010', '', 'NULL', 'A'),
('21772010242', 'Parlilitan Nainggolan', '77201', '2021', '1981-04-13', 'Medan', '', 'L', '', '', '', '', '', 'A', '3201011304810010', '', 'NULL', 'A'),
('21772010243', 'Merilina Bawamenewi', '77201', '2021', '2000-09-28', 'Nias', '', 'P', '81377031516', '', '', '', '', 'A', '1204116809000000', '', 'NULL', 'A'),
('21772010244', 'Yuliah', '77201', '2021', '1988-07-17', 'Cilacap', '', 'P', '85718052050', '', '', '', '', 'A', '3301185708880000', '', 'NULL', 'A'),
('21772010245', 'Meike Yuliana Christiana Kuhu', '77201', '2021', '1961-07-09', 'Jakarta', '', 'P', '8129141055', '', '', '', '', 'A', '3175074907610010', '', 'NULL', 'A'),
('21772010268', 'Salatieli Daeli', '77201', '2021', '1976-03-03', 'Lolowau', '', 'L', '', '', '', '', '', 'A', '1871050303760000', '', 'NULL', 'A'),
('21772010269', 'Abib Irawan', '77201', '2021', '1991-08-28', 'Sukadana', '', 'L', '', '', '', '', '', 'A', '1810072808810000', '', 'NULL', 'A'),
('21772010270', 'Mary Christine', '77201', '2021', '1971-12-29', 'Bandung', '', 'P', '', '', '', '', '', 'A', '1871016912710000', '', 'NULL', 'A'),
('21772010271', 'Tukijo', '77201', '2021', '1972-06-06', 'Sidomulyo', '', 'L', '', '', '', '', '', 'A', '1806200204081000', '', 'NULL', 'A'),
('21772010272', 'Wiwin Winarni', '77201', '2021', '1980-08-28', 'Lampung', '', 'L', '', '', '', '', '', 'A', '3175096800005', '', 'NULL', 'A'),
('21772010273', 'Yuce Hengki Sadok JR', '77201', '2021', '2003-05-19', 'Palembang', '', 'L', '', '', '', '', '', 'A', '1801051905030000', '', 'NULL', 'A'),
('21772010274', 'Ria Kristiana', '77201', '2021', '1973-01-24', 'Ngawi', '', 'L', '', '', '', '', '', 'A', '1806136401730000', '', 'NULL', 'A'),
('21772010275', 'Albertus Sukiman', '77201', '2021', '1971-09-06', 'Sumber Mulyo', '', 'L', '', '', '', '', '', 'A', '1806130609710000', '', 'NULL', 'A'),
('22772010242', '', '77201', '0', '0000-00-00', '', '', 'L', '', '', '', '', '', 'N', '', '', 'NULL', 'N'),
('22772010248', 'Nurmala Sari', '77201', '2022', '1985-08-17', 'Jakarta', '', 'P', '81298478698', 'mallasari025@gmail.com', '', '', '', 'A', '3201015708850020', '', 'NULL', 'A'),
('22772010249', 'Ronny Adrian Israel Sekoh', '77201', '2022', '1957-05-30', 'Manado', '', 'L', '8118189679', '', '', '', '', 'A', '3275033005570010', '', 'NULL', 'A'),
('22772010250', 'Emanuel Krismanto', '77201', '2022', '1979-12-24', 'Musi Banyuasin', '', 'L', '81912125035', '', '', '', '', 'A', '3203052412790000', '', 'NULL', 'A'),
('22772010251', 'Ruhty Assa', '77201', '2022', '1973-12-18', 'Lambean', '', 'P', '81218061973', '', '', '', '', 'A', '3212155812730000', '', 'NULL', 'A'),
('22772010252', 'M. Cecep Saepulah', '77201', '2022', '2001-04-28', 'Pandeglang', '', 'L', '83878784774', '', '', '', '', 'A', '3601192804010000', '', 'NULL', 'A'),
('22772010253', 'Imelda Patricia Sumarauw', '77201', '2022', '1984-01-02', 'Depok', '', 'P', '811978797', '', '', '', '', 'A', '3276014201840000', '', 'NULL', 'A'),
('22772010254', 'Jaka Sutarta', '77201', '2022', '1972-08-13', 'Klaten', '', 'L', '81286063508', '', '', '', '', 'A', '3174091308720010', '', 'NULL', 'A'),
('22772010255', 'Yehuda Kristiyanto Putra', '77201', '2022', '1995-10-27', 'Solo', '', 'L', '82119346134', '', '', '', '', 'A', '3276102710950000', '', 'NULL', 'A'),
('22772010256', 'Cindra Lala', '77201', '2022', '1983-12-12', 'Bogor', '', 'P', '85710600927', '', '', '', '', 'A', '3201115212830000', '', 'NULL', 'A'),
('22772010257', 'Erikson Hutabarat', '77201', '2022', '1988-04-15', 'Balam', '', 'L', '', '', '', '', '', 'A', '1405041504880000', '', 'NULL', 'A'),
('22772010258', 'Arnimawati Sarumaha', '77201', '2022', '2000-06-13', 'Riau', '', 'P', '82211881795', '', '', '', '', 'A', '1405065306000000', '', 'NULL', 'A'),
('22772010259', 'Yanto Agustinus', '77201', '2022', '1992-08-17', 'Bantak', '', 'L', '81779854555', '', '', '', '', 'A', '6108061708920000', '', 'NULL', 'A'),
('22772010260', 'Jogi DW Sihotang', '77201', '2022', '1997-01-06', 'Gunung Pak-Pak', '', 'L', '85759820363', '', '', '', '', 'A', '1206090601970000', '', 'NULL', 'A'),
('22772010261', 'Opik Abdul Ropik.', '77201', '2022', '1972-06-15', 'Majalengka', '', 'L', '85891155049', '', '', '', '', 'A', '3601211506720000', '', 'NULL', 'A'),
('22772010262', 'Westi Puspitasari', '77201', '2022', '1990-02-10', 'Talang Alai', '', 'P', '89601729794', '', '', '', '', 'A', '1705065002900000', '', 'NULL', 'A'),
('22772010263', 'James Hengki Mantak', '77201', '2022', '1972-11-24', 'Kasuratan', '', 'L', '8112406007', '', '', '', '', 'A', '3212152411720000', '', 'NULL', 'A'),
('22772010264', 'Ripka Mararu', '77201', '2022', '1981-03-25', 'Desa Tarun', '', 'P', '82195662277', '', '', '', '', 'A', '7104076503810000', '', 'NULL', 'A'),
('22772010265', 'Michael Assa', '77201', '2022', '1978-01-20', 'Lambean', '', 'L', '8981509947', '', '', '', '', 'A', '7171092001790000', '', 'NULL', 'A'),
('22772010266', 'Hendra Buyung', '77201', '2022', '1975-11-02', 'Manado', '', 'L', '85280367804', '', '', '', '', 'A', '3215260211750000', '', 'NULL', 'A');

-- --------------------------------------------------------

--
-- Table structure for table `mhsprf`
--

CREATE TABLE `mhsprf` (
  `idnim` varchar(15) NOT NULL COMMENT 'nomor induk mahasiswa',
  `namabapak` varchar(30) NOT NULL COMMENT 'nama orang Tua - bapak',
  `kerjabapak` varchar(30) NOT NULL COMMENT 'pekerjaan bapak',
  `alamatortu` varchar(100) NOT NULL COMMENT 'alamat orang Tua',
  `penghasilanortu` bigint(10) NOT NULL COMMENT 'penghasilan orang Tua',
  `nomorhpwaortu` varchar(20) NOT NULL COMMENT 'nomor hp/wa ortu',
  `namaibu` varchar(30) NOT NULL COMMENT 'nama orang Tua - Ibu',
  `kerjaibu` varchar(30) NOT NULL COMMENT 'pekerjaan Ibu',
  `asalsekolah` varchar(40) NOT NULL COMMENT 'asal sekolah',
  `jurusansekolah` varchar(30) NOT NULL COMMENT 'jurusan asal sekolah',
  `nomorpmb` varchar(20) NOT NULL COMMENT 'nomor Reg Pmb'
) ENGINE=InnoDB DEFAULT CHARSET=latin1 COLLATE=latin1_swedish_ci COMMENT='profil mahasiswa';

--
-- Dumping data for table `mhsprf`
--

INSERT INTO `mhsprf` (`idnim`, `namabapak`, `kerjabapak`, `alamatortu`, `penghasilanortu`, `nomorhpwaortu`, `namaibu`, `kerjaibu`, `asalsekolah`, `jurusansekolah`, `nomorpmb`) VALUES
('06772010001', '', '', '', 0, '', '', '', '33', '', 'NULL'),
('06772010002', '', '', '', 0, '', '', '', '32', '', 'NULL'),
('06772010003', '', '', '', 0, '', '', '', '12', '', 'NULL'),
('06772010004', '', '', '', 0, '', '', '', '12', '', 'NULL'),
('06772010005', '', '', '', 0, '', '', '', '31', '', 'NULL'),
('06772010006', '', '', '', 0, '', '', '', '34', '', 'NULL'),
('06772010007', '', '', '', 0, '', '', '', '12', '', 'NULL'),
('06772010008', '', '', '', 0, '', '', '', '12', '', 'NULL'),
('06772010009', '', '', '', 0, '', '', '', '12', '', 'NULL'),
('06772010010', '', '', '', 0, '', '', '', '71', '', 'NULL'),
('06772010011', '', '', '', 0, '', '', '', '32', '', 'NULL'),
('06772010012', '', '', '', 0, '', '', '', '30', '', 'NULL'),
('06772010013', '', '', '', 0, '', '', '', '33', '', 'NULL'),
('06772010014', '', '', '', 0, '', '', '', '12', '', 'NULL'),
('07772010015', '', '', '', 0, '', '', '', '32', '', 'NULL'),
('07772010016', '', '', '', 0, '', '', '', '32', '', 'NULL'),
('07772010017', '', '', '', 0, '', '', '', '32', '', 'NULL'),
('07772010018', '', '', '', 0, '', '', '', '32', '', 'NULL'),
('07772010019', '', '', '', 0, '', '', '', '33', '', 'NULL'),
('07772010020', '', '', '', 0, '', '', '', '32', '', 'NULL'),
('07772010021', '', '', '', 0, '', '', '', '31', '', 'NULL'),
('07772010022', '', '', '', 0, '', '', '', '12', '', 'NULL'),
('07772010023', '', '', '', 0, '', '', '', '32', '', 'NULL'),
('07772010024', '', '', '', 0, '', '', '', '81', '', 'NULL'),
('07772010025', '', '', '', 0, '', '', '', '81', '', 'NULL'),
('07772010026', '', '', '', 0, '', '', '', '81', '', 'NULL'),
('07772010027', '', '', '', 0, '', '', '', '33', '', 'NULL'),
('07772010028', '', '', '', 0, '', '', '', '35', '', 'NULL'),
('08772010029', '', '', '', 0, '', '', '', '12', '', 'NULL'),
('08772010030', '', '', '', 0, '', '', '', '31', '', 'NULL'),
('08772010031', '', '', '', 0, '', '', '', '35', '', 'NULL'),
('08772010032', '', '', '', 0, '', '', '', '31', '', 'NULL'),
('08772010033', '', '', '', 0, '', '', '', '31', '', 'NULL'),
('08772010034', '', '', '', 0, '', '', '', '31', '', 'NULL'),
('08772010035', '', '', '', 0, '', '', '', '12', '', 'NULL'),
('08772010036', '', '', '', 0, '', '', '', '33', '', 'NULL'),
('08772010037', '', '', '', 0, '', '', '', '61', '', 'NULL'),
('08772010038', '', '', '', 0, '', '', '', '33', '', 'NULL'),
('08772010039', '', '', '', 0, '', '', '', '32', '', 'NULL'),
('08772010040', '', '', '', 0, '', '', '', '33', '', 'NULL'),
('09772010041', '', '', '', 0, '', '', '', '35', '', 'NULL'),
('09772010042', '', '', '', 0, '', '', '', '31', '', 'NULL'),
('09772010043', '', '', '', 0, '', '', '', '32', '', 'NULL'),
('09772010044', '', '', '', 0, '', '', '', '81', '', 'NULL'),
('09772010045', '', '', '', 0, '', '', '', '32', '', 'NULL'),
('09772010046', '', '', '', 0, '', '', '', '81', '', 'NULL'),
('09772010047', '', '', '', 0, '', '', '', '71', '', 'NULL'),
('09772010048', '', '', '', 0, '', '', '', '33', '', 'NULL'),
('09772010049', '', '', '', 0, '', '', '', '71', '', 'NULL'),
('09772010050', '', '', '', 0, '', '', '', '12', '', 'NULL'),
('09772010051', '', '', '', 0, '', '', '', '31', '', 'NULL'),
('09772010052', '', '', '', 0, '', '', '', '31', '', 'NULL'),
('09772010053', '', '', '', 0, '', '', '', '53', '', 'NULL'),
('09772010054', '', '', '', 0, '', '', '', '16', '', 'NULL'),
('10772010055', '', '', '', 0, '', '', '', '71', '', 'NULL'),
('10772010056', '', '', '', 0, '', '', '', '31', '', 'NULL'),
('10772010057', '', '', '', 0, '', '', '', '32', '', 'NULL'),
('10772010058', '', '', '', 0, '', '', '', '81', '', 'NULL'),
('10772010059', '', '', '', 0, '', '', '', '31', '', 'NULL'),
('10772010060', '', '', '', 0, '', '', '', '61', '', 'NULL'),
('10772010061', '', '', '', 0, '', '', '', '33', '', 'NULL'),
('10772010062', '', '', '', 0, '', '', '', '20', '', 'NULL'),
('10772010063', '', '', '', 0, '', '', '', '53', '', 'NULL'),
('10772010064', '', '', '', 0, '', '', '', '16', '', 'NULL'),
('10772010065', '', '', '', 0, '', '', '', '12', '', 'NULL'),
('10772010066', '', '', '', 0, '', '', '', '32', '', 'NULL'),
('10772010067', '', '', '', 0, '', '', '', '31', '', 'NULL'),
('10772010068', '', '', '', 0, '', '', '', '81', '', 'NULL'),
('10772010069', '', '', '', 0, '', '', '', '33', '', 'NULL'),
('10772010070', '', '', '', 0, '', '', '', '31', '', 'NULL'),
('10772010071', '', '', '', 0, '', '', '', '11', '', 'NULL'),
('12772010072', '', '', '', 0, '', '', '', '16', '', 'NULL'),
('12772010073', '', '', '', 0, '', '', '', '31', '', 'NULL'),
('12772010074', '', '', '', 0, '', '', '', '13', '', 'NULL'),
('12772010075', '', '', '', 0, '', '', '', '32', '', 'NULL'),
('12772010076', '', '', '', 0, '', '', '', '13', '', 'NULL'),
('12772010077', '', '', '', 0, '', '', '', '12', '', 'NULL'),
('12772010078', '', '', '', 0, '', '', '', '31', '', 'NULL'),
('12772010079', '', '', '', 0, '', '', '', '32', '', 'NULL'),
('12772010080', '', '', '', 0, '', '', '', '71', '', 'NULL'),
('12772010081', '', '', '', 0, '', '', '', '11', '', 'NULL'),
('12772010082', '', '', '', 0, '', '', '', '11', '', 'NULL'),
('12772010083', '', '', '', 0, '', '', '', '71', '', 'NULL'),
('12772010084', '', '', '', 0, '', '', '', '31', '', 'NULL'),
('12772010085', '', '', '', 0, '', '', '', '32', '', 'NULL'),
('13772010086', '', '', '', 0, '', '', '', '32', '', 'NULL'),
('13772010087', '', '', '', 0, '', '', '', '73', '', 'NULL'),
('13772010088', '', '', '', 0, '', '', '', '32', '', 'NULL'),
('13772010091', '', '', '', 0, '', '', '', '32', '', 'NULL'),
('13772010092', '', '', '', 0, '', '', '', '81', '', 'NULL'),
('13772010093', '', '', '', 0, '', '', '', '61', '', 'NULL'),
('13772010094', '', '', '', 0, '', '', '', '31', '', 'NULL'),
('13772010095', '', '', '', 0, '', '', '', '12', '', 'NULL'),
('13772010096', '', '', '', 0, '', '', '', '32', '', 'NULL'),
('13772010098', '', '', '', 0, '', '', '', '32', '', 'NULL'),
('13772010099', '', '', '', 0, '', '', '', '81', '', 'NULL'),
('13772010100', '', '', '', 0, '', '', '', '72', '', 'NULL'),
('13772010101', '', '', '', 0, '', '', '', '32', '', 'NULL'),
('13772010102', '', '', '', 0, '', '', '', '85', '', 'NULL'),
('13772010103', '', '', '', 0, '', '', '', '32', '', 'NULL'),
('13772010104', '', '', '', 0, '', '', '', '32', '', 'NULL'),
('13772010105', '', '', '', 0, '', '', '', '33', '', 'NULL'),
('13772010106', '', '', '', 0, '', '', '', '32', '', 'NULL'),
('13772010107', '', '', '', 0, '', '', '', '32', '', 'NULL'),
('13772010108', '', '', '', 0, '', '', '', '31', '', 'NULL'),
('13772010109', '', '', '', 0, '', '', '', '32', '', 'NULL'),
('13772010111', '', '', '', 0, '', '', '', '81', '', 'NULL'),
('14772010112', '', '', '', 0, '', '', '', '32', '', 'NULL'),
('14772010113', '', '', '', 0, '', '', '', '12', '', 'NULL'),
('14772010114', '', '', '', 0, '', '', '', '12', '', 'NULL'),
('14772010115', '', '', '', 0, '', '', '', '71', '', 'NULL'),
('14772010116', '', '', '', 0, '', '', '', '31', '', 'NULL'),
('15772010118', '', '', '', 0, '', '', '', '32', '', 'NULL'),
('15772010119', '', '', '', 0, '', '', '', '12', '', 'NULL'),
('15772010120', '', '', '', 0, '', '', '', '32', '', 'NULL'),
('15772010121', '', '', '', 0, '', '', '', '71', '', 'NULL'),
('15772010123', '', '', '', 0, '', '', '', '31', '', 'NULL'),
('15772010124', '', '', '', 0, '', '', '', '31', '', 'NULL'),
('15772010125', '', '', '', 0, '', '', '', '31', '', 'NULL'),
('15772010128', '', '', '', 0, '', '', '', '11', '', 'NULL'),
('15772010131', '', '', '', 0, '', '', '', '71', '', 'NULL'),
('15772010138', '', '', '', 0, '', '', '', '32', '', 'NULL'),
('15772010139', '', '', '', 0, '', '', '', '32', '', 'NULL'),
('16772010140', '', '', '', 0, '', '', '', '31', '', 'NULL'),
('16772010141', '', '', '', 0, '', '', '', '35', '', 'NULL'),
('16772010142', '', '', '', 0, '', '', '', '13', '', 'NULL'),
('16772010143', '', '', '', 0, '', '', '', '71', '', 'NULL'),
('16772010144', '', '', '', 0, '', '', '', '13', '', 'NULL'),
('16772010145', '', '', '', 0, '', '', '', '12', '', 'NULL'),
('16772010146', '', '', '', 0, '', '', '', '14', '', 'NULL'),
('16772010147', '', '', '', 0, '', '', '', '33', '', 'NULL'),
('16772010148', '', '', '', 0, '', '', '', '11', '', 'NULL'),
('16772010149', '', '', '', 0, '', '', '', '31', '', 'NULL'),
('16772010150', '', '', '', 0, '', '', '', '32', '', 'NULL'),
('16772010151', '', '', '', 0, '', '', '', '33', '', 'NULL'),
('16772010152', '', '', '', 0, '', '', '', '31', '', 'NULL'),
('16772010153', '', '', '', 0, '', '', '', '13', '', 'NULL'),
('16772010154', '', '', '', 0, '', '', '', '32', '', 'NULL'),
('16772010157', '', '', '', 0, '', '', '', '18', '', 'NULL'),
('16772010159', '', '', '', 0, '', '', '', '33', '', 'NULL'),
('16772010160', '', '', '', 0, '', '', '', '12', '', 'NULL'),
('16772010161', '', '', '', 0, '', '', '', '18', '', 'NULL'),
('16772010162', '', '', '', 0, '', '', '', '18', '', 'NULL'),
('16772010163', '', '', '', 0, '', '', '', '18', '', 'NULL'),
('16772010164', '', '', '', 0, '', '', '', '18', '', 'NULL'),
('16772010165', '', '', '', 0, '', '', '', '18', '', 'NULL'),
('16772010197', '', '', '', 0, '', '', '', '12', '', 'NULL'),
('16772010198', '', '', '', 0, '', '', '', '73', '', 'NULL'),
('16772010199', '', '', '', 0, '', '', '', '11', '', 'NULL'),
('16772010200', '', '', '', 0, '', '', '', '12', '', 'NULL'),
('16772010201', '', '', '', 0, '', '', '', '81', '', 'NULL'),
('16772010202', '', '', '', 0, '', '', '', '12', '', 'NULL'),
('16772010203', '', '', '', 0, '', '', '', '12', '', 'NULL'),
('16772010204', '', '', '', 0, '', '', '', '31', '', 'NULL'),
('16772010205', '', '', '', 0, '', '', '', '32', '', 'NULL'),
('16772010206', '', '', '', 0, '', '', '', '13', '', 'NULL'),
('16772010207', '', '', '', 0, '', '', '', '32', '', 'NULL'),
('16772010208', '', '', '', 0, '', '', '', '32', '', 'NULL'),
('16772010209', '', '', '', 0, '', '', '', '32', '', 'NULL'),
('16772010210', '', '', '', 0, '', '', '', '32', '', 'NULL'),
('16772010211', '', '', '', 0, '', '', '', '18', '', 'NULL'),
('16772010212', '', '', '', 0, '', '', '', '32', '', 'NULL'),
('16772010213', '', '', '', 0, '', '', '', '32', '', 'NULL'),
('16772010214', '', '', '', 0, '', '', '', '18', '', 'NULL'),
('16772010215', '', '', '', 0, '', '', '', '32', '', 'NULL'),
('16772010216', '', '', '', 0, '', '', '', '32', '', 'NULL'),
('16772010217', '', '', '', 0, '', '', '', '32', '', 'NULL'),
('17772010155', '', '', '', 0, '', '', '', '18', '', 'NULL'),
('17772010156', '', '', '', 0, '', '', '', '18', '', 'NULL'),
('17772010160', '', '', '', 0, '', '', '', '63', '', 'NULL'),
('17772010161', '', '', '', 0, '', '', '', '35', '', 'NULL'),
('17772010163', '', '', '', 0, '', '', '', '33', '', 'NULL'),
('17772010165', '', '', '', 0, '', '', '', '31', '', 'NULL'),
('17772010166', '', '', '', 0, '', '', '', '31', '', 'NULL'),
('17772010167', '', '', '', 0, '', '', '', '31', '', 'NULL'),
('17772010168', '', '', '', 0, '', '', '', '31', '', 'NULL'),
('17772010169', '', '', '', 0, '', '', '', '31', '', 'NULL'),
('17772010170', '', '', '', 0, '', '', '', '33', '', 'NULL'),
('17772010176', '', '', '', 0, '', '', '', '16', '', 'NULL'),
('18772010171', '', '', '', 0, '', '', '', '12', '', 'NULL'),
('18772010172', '', '', '', 0, '', '', '', '31', '', 'NULL'),
('18772010173', '', '', '', 0, '', '', '', '31', '', 'NULL'),
('18772010174', '', '', '', 0, '', '', '', '32', '', 'NULL'),
('18772010175', '', '', '', 0, '', '', '', '13', '', 'NULL'),
('18772010176', '', '', '', 0, '', '', '', '32', '', 'NULL'),
('18772010177', '', '', '', 0, '', '', '', '11', '', 'NULL'),
('18772010178', '', '', '', 0, '', '', '', '33', '', 'NULL'),
('18772010179', '', '', '', 0, '', '', '', '11', '', 'NULL'),
('18772010180', '', '', '', 0, '', '', '', '31', '', 'NULL'),
('18772010181', '', '', '', 0, '', '', '', '12', '', 'NULL'),
('18772010182', '', '', '', 0, '', '', '', '31', '', 'NULL'),
('18772010183', '', '', '', 0, '', '', '', '31', '', 'NULL'),
('18772010184', '', '', '', 0, '', '', '', '34', '', 'NULL'),
('18772010185', '', '', '', 0, '', '', '', '31', '', 'NULL'),
('18772010186', '', '', '', 0, '', '', '', '31', '', 'NULL'),
('18772010187', '', '', '', 0, '', '', '', '32', '', 'NULL'),
('18772010188', '', '', '', 0, '', '', '', '31', '', 'NULL'),
('18772010197', '', '', '', 0, '', '', '', '33', '', 'NULL'),
('18772010198', '', '', '', 0, '', '', '', '33', '', 'NULL'),
('18772010199', '', '', '', 0, '', '', '', '32', '', 'NULL'),
('18772010200', '', '', '', 0, '', '', '', '33', '', 'NULL'),
('19772010189', '', '', '', 0, '', '', '', '32', '', 'NULL'),
('19772010190', '', '', '', 0, '', '', '', '32', '', 'NULL'),
('19772010191', '', '', '', 0, '', '', '', '32', '', 'NULL'),
('19772010192', '', '', '', 0, '', '', '', '11', '', 'NULL'),
('19772010193', '', '', '', 0, '', '', '', '13', '', 'NULL'),
('19772010194', '', '', '', 0, '', '', '', '11', '', 'NULL'),
('19772010195', '', '', '', 0, '', '', '', '11', '', 'NULL'),
('19772010196', '', '', '', 0, '', '', '', '12', '', 'NULL'),
('19772010201', '', '', '', 0, '', '', '', '31', '', 'NULL'),
('19772010202', '', '', '', 0, '', '', '', '33', '', 'NULL'),
('19772010203', '', '', '', 0, '', '', '', '12', '', 'NULL'),
('19772010204', '', '', '', 0, '', '', '', '31', '', 'NULL'),
('19772010205', '', '', '', 0, '', '', '', '12', '', 'NULL'),
('19772010206', '', '', '', 0, '', '', '', '12', '', 'NULL'),
('19772010207', '', '', '', 0, '', '', '', '53', '', 'NULL'),
('19772010208', '', '', '', 0, '', '', '', '32', '', 'NULL'),
('19772010209', '', '', '', 0, '', '', '', '32', '', 'NULL'),
('19772010210', '', '', '', 0, '', '', '', '33', '', 'NULL'),
('19772010211', '', '', '', 0, '', '', '', '12', '', 'NULL'),
('19772010212', '', '', '', 0, '', '', '', '32', '', 'NULL'),
('19772010213', '', '', '', 0, '', '', '', '12', '', 'NULL'),
('19772010214', '', '', '', 0, '', '', '', '31', '', 'NULL'),
('19772010215', '', '', '', 0, '', '', '', '32', '', 'NULL'),
('19772010216', '', '', '', 0, '', '', '', '81', '', 'NULL'),
('19772010217', '', '', '', 0, '', '', '', '32', '', 'NULL'),
('19772010218', '', '', '', 0, '', '', '', '32', '', 'NULL'),
('19772010219', '', '', '', 0, '', '', '', '18', '', 'NULL'),
('20772010220', '', '', '', 0, '', '', '', '31', '', 'NULL'),
('20772010221', '', '', '', 0, '', '', '', '32', '', 'NULL'),
('20772010222', '', '', '', 0, '', '', '', '73', '', 'NULL'),
('20772010223', '', '', '', 0, '', '', '', '32', '', 'NULL'),
('20772010224', '', '', '', 0, '', '', '', '32', '', 'NULL'),
('20772010225', '', '', '', 0, '', '', '', '32', '', 'NULL'),
('20772010226', '', '', '', 0, '', '', '', '32', '', 'NULL'),
('20772010227', '', '', '', 0, '', '', '', '32', '', 'NULL'),
('20772010228', '', '', '', 0, '', '', '', '73', '', 'NULL'),
('20772010229', '', '', '', 0, '', '', '', '32', '', 'NULL'),
('20772010230', '', '', '', 0, '', '', '', '71', '', 'NULL'),
('20772010231', '', '', '', 0, '', '', '', '30', '', 'NULL'),
('20772010232', '', '', '', 0, '', '', '', '32', '', 'NULL'),
('20772010233', '', '', '', 0, '', '', '', '12', '', 'NULL'),
('20772010246', '', '', '', 0, '', '', '', '32', '', 'NULL'),
('20772010247', '', '', '', 0, '', '', '', '12', '', 'NULL'),
('20772010267', '', '', '', 0, '', '', '', '18', '', 'NULL'),
('21772010234', '', '', '', 0, '', '', '', '33', '', 'NULL'),
('21772010235', '', '', '', 0, '', '', '', '14', '', 'NULL'),
('21772010236', '', '', '', 0, '', '', '', '71', '', 'NULL'),
('21772010237', '', '', '', 0, '', '', '', '15', '', 'NULL'),
('21772010238', '', '', '', 0, '', '', '', '32', '', 'NULL'),
('21772010239', '', '', '', 0, '', '', '', '31', '', 'NULL'),
('21772010240', '', '', '', 0, '', '', '', '32', '', 'NULL'),
('21772010241', '', '', '', 0, '', '', '', '32', '', 'NULL'),
('21772010242', '', '', '', 0, '', '', '', '32', '', 'NULL'),
('21772010243', '', '', '', 0, '', '', '', '12', '', 'NULL'),
('21772010244', '', '', '', 0, '', '', '', '32', '', 'NULL'),
('21772010245', '', '', '', 0, '', '', '', '31', '', 'NULL'),
('21772010268', '', '', '', 0, '', '', '', '18', '', 'NULL'),
('21772010269', '', '', '', 0, '', '', '', '18', '', 'NULL'),
('21772010270', '', '', '', 0, '', '', '', '32', '', 'NULL'),
('21772010271', '', '', '', 0, '', '', '', '18', '', 'NULL'),
('21772010272', '', '', '', 0, '', '', '', '18', '', 'NULL'),
('21772010273', '', '', '', 0, '', '', '', '18', '', 'NULL'),
('21772010274', '', '', '', 0, '', '', '', '18', '', 'NULL'),
('21772010275', '', '', '', 0, '', '', '', '18', '', 'NULL'),
('22772010242', '', '', '', 0, '', '', '', '11', '', 'NULL'),
('22772010248', '', '', '', 0, '', '', '', '31', '', 'NULL'),
('22772010249', '', '', '', 0, '', '', '', '71', '', 'NULL'),
('22772010250', '', '', '', 0, '', '', '', '16', '', 'NULL'),
('22772010251', '', '', '', 0, '', '', '', '71', '', 'NULL'),
('22772010252', '', '', '', 0, '', '', '', '32', '', 'NULL'),
('22772010253', '', '', '', 0, '', '', '', '30', '', 'NULL'),
('22772010254', '', '', '', 0, '', '', '', '33', '', 'NULL'),
('22772010255', '', '', '', 0, '', '', '', '31', '', 'NULL'),
('22772010256', '', '', '', 0, '', '', '', '32', '', 'NULL'),
('22772010257', '', '', '', 0, '', '', '', '14', '', 'NULL'),
('22772010258', '', '', '', 0, '', '', '', '14', '', 'NULL'),
('22772010259', '', '', '', 0, '', '', '', '61', '', 'NULL'),
('22772010260', '', '', '', 0, '', '', '', '12', '', 'NULL'),
('22772010261', '', '', '', 0, '', '', '', '30', '', 'NULL'),
('22772010262', '', '', '', 0, '', '', '', '32', '', 'NULL'),
('22772010263', '', '', '', 0, '', '', '', '71', '', 'NULL'),
('22772010264', '', '', '', 0, '', '', '', '71', '', 'NULL'),
('22772010265', '', '', '', 0, '', '', '', '71', '', 'NULL'),
('22772010266', '', '', '', 0, '', '', '', '71', '', 'NULL');

-- --------------------------------------------------------

--
-- Table structure for table `midenpt`
--

CREATE TABLE `midenpt` (
  `ptjenis` varchar(1) NOT NULL COMMENT 'u=universitas s=sekolah tinggi i=institut',
  `ptnama` varchar(50) NOT NULL COMMENT 'nama perguruan tinggi',
  `ptalamat` varchar(100) NOT NULL COMMENT 'alamat Pt',
  `ptjbtpim` varchar(10) NOT NULL COMMENT 'jabatan pimpinan pt -> ptjenis-u=rektor s=ketua',
  `ptpimpinan` varchar(40) NOT NULL COMMENT 'nama pimpinanan',
  `ptlogo` varchar(225) NOT NULL,
  `pturl` varchar(225) NOT NULL
) ENGINE=InnoDB DEFAULT CHARSET=latin1 COLLATE=latin1_swedish_ci COMMENT='identitas perguruan tinggi';

--
-- Dumping data for table `midenpt`
--

INSERT INTO `midenpt` (`ptjenis`, `ptnama`, `ptalamat`, `ptjbtpim`, `ptpimpinan`, `ptlogo`, `pturl`) VALUES
('S', 'STT SKRIPTURA', 'DEPOK', '', '-', 'a308134e31bdf20bac4ca752cfc934d8.jpeg', 'D:/xampp/htdocs/siakad/');

-- --------------------------------------------------------

--
-- Table structure for table `mjnsmtk`
--

CREATE TABLE `mjnsmtk` (
  `idjenis` varchar(10) NOT NULL,
  `namajenis` varchar(20) NOT NULL
) ENGINE=InnoDB DEFAULT CHARSET=utf8mb4 COLLATE=utf8mb4_general_ci;

-- --------------------------------------------------------

--
-- Table structure for table `mkomnil`
--

CREATE TABLE `mkomnil` (
  `kodepenilaian` varchar(1) NOT NULL COMMENT 'kode penilaian',
  `namapenilaian` varchar(20) NOT NULL COMMENT 'nama komponen penilaian'
) ENGINE=InnoDB DEFAULT CHARSET=latin1 COLLATE=latin1_swedish_ci COMMENT='komponen penilaian';

-- --------------------------------------------------------

--
-- Table structure for table `mkurikulum`
--

CREATE TABLE `mkurikulum` (
  `idkuri` varchar(15) NOT NULL COMMENT 'id kurikulum',
  `namakuri` varchar(20) NOT NULL COMMENT 'nama kurikulum',
  `statusaktifkuri` varchar(1) NOT NULL COMMENT 'status aktif',
  `ketkuri` varchar(50) NOT NULL COMMENT 'keterangan kurikulum'
) ENGINE=InnoDB DEFAULT CHARSET=latin1 COLLATE=latin1_swedish_ci COMMENT='kurikulum';

--
-- Dumping data for table `mkurikulum`
--

INSERT INTO `mkurikulum` (`idkuri`, `namakuri`, `statusaktifkuri`, `ketkuri`) VALUES
('01', 'KURIKULUM 2006', 'A', '');

-- --------------------------------------------------------

--
-- Table structure for table `mmenu`
--

CREATE TABLE `mmenu` (
  `kodemodul` varchar(2) NOT NULL COMMENT 'kode modul',
  `kodemenu` varchar(8) NOT NULL COMMENT 'kode menu',
  `namamenu` varchar(25) NOT NULL COMMENT 'nama menu',
  `kontroler` varchar(50) NOT NULL COMMENT 'kontroler',
  `indukmenu` varchar(8) DEFAULT NULL COMMENT 'induk menu',
  `statmenu` varchar(1) NOT NULL COMMENT 'stat menu',
  `levelmenu` varchar(1) DEFAULT NULL COMMENT 'level menu',
  `aplikasi` varchar(1) NOT NULL
) ENGINE=InnoDB DEFAULT CHARSET=latin1 COLLATE=latin1_swedish_ci COMMENT='menu';

--
-- Dumping data for table `mmenu`
--

INSERT INTO `mmenu` (`kodemodul`, `kodemenu`, `namamenu`, `kontroler`, `indukmenu`, `statmenu`, `levelmenu`, `aplikasi`) VALUES
('BA', 'BA010000', 'DASHBOARD', 'Dashboard/Index', 'BA000000', 'M', '1', 'B'),
('BB', 'BB010000', 'JADWAL KULIAH', '', 'BB000000', 'I', '1', 'B'),
('BB', 'BB010100', 'JADWAL MINGGU INI', '', 'BB010000', 'M', '2', 'B'),
('BB', 'BB010200', 'JADWAL SEMESTER', '', 'BB010000', 'M', '2', 'B'),
('BB', 'BB010300', 'PRESENSI KULIAH', '', 'BB010000', 'M', '2', 'B'),
('BB', 'BB020000', 'RENCANA STUDI', '', 'BB000000', 'I', '1', 'B'),
('BB', 'BB020100', 'PENGISIAN KRS MANDIRI', '', 'BB020000', 'M', '2', 'B'),
('BB', 'BB020200', 'RIWAYAT KRS', '', 'BB020000', 'M', '2', 'B'),
('BB', 'BB020300', 'MATAKULIAH DITAWARKAN', '', 'BB020000', 'M', '2', 'B'),
('BB', 'BB020400', 'KAPASITAS KELAS', '', 'BB020000', 'M', '2', 'B'),
('BB', 'BB030000', 'HASIL STUDI', '', 'BB000000', 'I', '1', 'B'),
('BB', 'BB030100', 'HASIL STUDI PER SEMESTER', '', 'BB030000', 'M', '2', 'B'),
('BB', 'BB030200', 'RINCIAN KOMPONEN PENILAIA', '', 'BB030000', 'M', '2', 'B'),
('BB', 'BB030300', 'TRANSKRIP NILAI', '', 'BB030000', 'M', '2', 'B'),
('BB', 'BB040000', 'DATA MAHASISWA', '', 'BB000000', 'I', '1', 'B'),
('BB', 'BB040100', 'BIODATA', '', 'BB040000', 'M', '2', 'B'),
('BB', 'BB040200', 'DATA ORANG TUA', '', 'BB040000', 'M', '2', 'B'),
('BB', 'BB040300', 'DATA SEKOLAH', '', 'BB040000', 'M', '2', 'B'),
('BB', 'BB040400', 'DATA PEKERJAAN', '', 'BB040000', 'M', '2', 'B'),
('BB', 'BB050000', 'KEUANGAN', '', 'BB000000', 'I', '1', 'B'),
('BB', 'BB050100', 'TAGIHAN BIAYA STUDI', '', 'BB050000', 'M', '2', 'B'),
('BB', 'BB050200', 'RIWAYAT KEUANGAN', '', 'BB050000', 'M', '2', 'B'),
('BC', 'BC010000', 'JADWAL KULIAH MINGGU INI', '', 'BC000000', 'M', '1', 'B'),
('BC', 'BC020000', 'JADWAL KULIAH SEMESTER', '', 'BC000000', 'M', '1', 'B'),
('BC', 'BC030000', 'RENCANA STUDI', '', 'BC000000', 'M', '1', 'B'),
('BC', 'BC040000', 'TRANSKRIP NILAI', '', 'BC000000', 'M', '1', 'B'),
('BC', 'BC050000', 'PRESENSI KULIAH', '', 'BC000000', 'M', '1', 'B'),
('BC', 'BC060000', 'TAGIHAN BIAYA STUDI', '', 'BC000000', 'M', '1', 'B'),
('BC', 'BC070000', 'RIWAYAT KEUANGAN', '', 'BC000000', 'M', '1', 'B'),
('BD', 'BD010000', 'JADWAL MINGGU INI', '', 'BD000000', 'M', '1', 'B'),
('BD', 'BD020000', 'JADWAL SEMESTER', '', 'BD000000', 'M', '1', 'B'),
('BD', 'BD030000', 'UPLOAD TUGAS UNTUK MAHASI', '', 'BD000000', 'M', '1', 'B'),
('BD', 'BD040000', 'PENGISIAN NILAI MAHASISWA', '', 'BD000000', 'M', '1', 'B'),
('BD', 'BD050000', 'KOMPONEN PENILAIAN', '', 'BD000000', 'M', '1', 'B'),
('BD', 'BD060000', 'UPLOAD JURNAL KE WEB PROF', '', 'BD000000', 'M', '1', 'B'),
('BD', 'BD070000', 'PRESENSI MAHASISWA', '', 'BD000000', 'M', '1', 'B'),
('BD', 'BD080000', 'PRESENSI DOSEN', '', 'BD000000', 'M', '1', 'B'),
('BE', 'BE010000', 'PENILAIAN STUDI', '', 'BE000000', 'I', '1', 'B'),
('BE', 'BE010100', 'PENGISIAN KRS', 'Akademik/Nilaistudi/Krs', 'BE010000', 'M', '2', 'B'),
('BE', 'BE010200', 'PENGISIAN NILAI KELAS', '', 'BE010000', 'M', '2', 'B'),
('BE', 'BE020000', 'PENGATURAN KELAS', '', 'BE000000', 'I', '1', 'B'),
('BE', 'BE020100', 'PENAWARAN MATAKULIAH', 'Akademik/Aturkelas/Tawarmatkul', 'BE020000', 'M', '2', 'B'),
('BE', 'BE020200', 'PEMBAGIAN RUANG KULIAH/LA', '', 'BE020000', 'M', '2', 'B'),
('BE', 'BE020300', 'DATA RUANG KULIAH/LAB', 'Akademik/Aturkelas/Ruangkuliah', 'BE020000', 'M', '2', 'B'),
('BE', 'BE030000', 'DATA DOSEN', '', 'BE000000', 'I', '1', 'B'),
('BE', 'BE030100', 'DATA DOSEN', 'Akademik/Dosen/Data', 'BE030000', 'M', '2', 'B'),
('BE', 'BE030200', 'MATAKULIAH DOSEN', '', 'BE030000', 'M', '2', 'B'),
('BE', 'BE040000', 'DATA MAHASISWA', '', 'BE000000', 'I', '1', 'B'),
('BE', 'BE040100', 'BIODATA MAHASISWA', 'Akademik/Mahasiswa/Data', 'BE040000', 'M', '2', 'B'),
('BE', 'BE040200', 'DATA ORANGTUA', 'Akademik/Mahasiswa/Dataorangtua', 'BE040000', 'M', '2', 'B'),
('BE', 'BE040300', 'DATA PEKERJAAN', '', 'BE040000', 'M', '2', 'B'),
('BE', 'BE040400', 'CUTI MAHASISWA', '', 'BE040000', 'M', '2', 'B'),
('BE', 'BE050000', 'DATA MATAKULIAH', '', 'BE000000', 'I', '1', 'B'),
('BE', 'BE050100', 'DATA MATAKULIAH', 'Akademik/Matakuliah/Data', 'BE050000', 'M', '2', 'B'),
('BE', 'BE050200', 'PRASAYARAT MATAKULIAH', '', 'BE050000', 'M', '2', 'B'),
('BE', 'BE050300', 'DATA JENIS MATAKULIAH', 'Akademik/Matakuliah/Jenis', 'BE050000', 'M', '2', 'B'),
('BE', 'BE050400', 'DATA KURIKULUM', '', 'BE050000', 'M', '2', 'B'),
('BE', 'BE060000', 'DATA PRODI/FAKULTAS', '', 'BE000000', 'I', '1', 'B'),
('BE', 'BE060100', 'DATA FAKULTAS', 'Akademik/Prodfak/Fakultas', 'BE060000', 'M', '2', 'B'),
('BE', 'BE060200', 'DATA PROGRAM STUDI', 'Akademik/Prodfak/Prodi', 'BE060000', 'M', '2', 'B'),
('BE', 'BE060300', 'STRUKTUR FAKULTAS', '', 'BE060000', 'M', '2', 'B'),
('BE', 'BE060400', 'STRUKTUR PROGRAM STUDI', '', 'BE060000', 'M', '2', 'B'),
('BF', 'BF010000', 'PEMBAYARAN BIAYA STUDI', '', 'BF000000', 'M', '1', 'B'),
('BG', 'BG010000', 'DATA PERGURUAN TINGGI', 'Konfigurasi/Datapt', 'BG000000', 'M', '1', 'B'),
('BG', 'BG020000', 'DATA TAHUN AKADEMIK', 'Konfigurasi/Tahunakademik', 'BG000000', 'M', '1', 'B');

-- --------------------------------------------------------

--
-- Table structure for table `mmodul`
--

CREATE TABLE `mmodul` (
  `kodemodul` varchar(2) NOT NULL COMMENT 'kode modul',
  `namamodul` varchar(30) NOT NULL,
  `kontroler` varchar(30) NOT NULL,
  `icon` varchar(30) NOT NULL,
  `aplikasi` varchar(1) NOT NULL
) ENGINE=InnoDB DEFAULT CHARSET=latin1 COLLATE=latin1_swedish_ci COMMENT='modul';

--
-- Dumping data for table `mmodul`
--

INSERT INTO `mmodul` (`kodemodul`, `namamodul`, `kontroler`, `icon`, `aplikasi`) VALUES
('BA', 'DASHBOARD', 'Dashboard/Index', 'fas fa-tachometer-alt', 'B'),
('BB', 'MAHASISWA', 'Mahasiswa/Index', ' fas fa-user-graduate', 'B'),
('BC', 'ORANG TUA', 'Ortu/Index', ' fa fa-user-friends', 'B'),
('BD', 'DOSEN', 'Dosen/Index', ' fas fa-user-tie', 'B'),
('BE', 'ADMISI AKADEMIK', 'Akademik/Index', ' fas fa-university', 'B'),
('BF', 'ADMISI KEUANGAN', 'Keuangan/Index', ' fas fa-coins', 'B'),
('BG', 'KONFIGURASI', 'Konfigurasi/Index', ' fas fa-cog', 'B');

-- --------------------------------------------------------

--
-- Table structure for table `mprodi`
--

CREATE TABLE `mprodi` (
  `idprodi` varchar(15) NOT NULL COMMENT 'id program studi',
  `namaprodi` varchar(50) NOT NULL COMMENT 'program studi',
  `urutprodi` int(2) NOT NULL COMMENT 'nomor urut program studi',
  `idfak` varchar(10) NOT NULL COMMENT 'id fakultas',
  `iddosenprodi` varchar(10) DEFAULT NULL COMMENT 'ketua program studi',
  `statakreprodi` varchar(15) NOT NULL COMMENT 'status akreditasi terbaru',
  `jenjangstudi` varchar(10) NOT NULL COMMENT 'jenjang studi',
  `gambarakre` varchar(225) NOT NULL COMMENT 'gambar status akreditasi'
) ENGINE=InnoDB DEFAULT CHARSET=latin1 COLLATE=latin1_swedish_ci COMMENT='program studi';

--
-- Dumping data for table `mprodi`
--

INSERT INTO `mprodi` (`idprodi`, `namaprodi`, `urutprodi`, `idfak`, `iddosenprodi`, `statakreprodi`, `jenjangstudi`, `gambarakre`) VALUES
('77201', 'TEOLOGI PROGRAM SARJANA', 1, '01', NULL, 'B', 'SARJANA', '');

-- --------------------------------------------------------

--
-- Table structure for table `mrangenilai`
--

CREATE TABLE `mrangenilai` (
  `batasbawahnilai` varchar(5) NOT NULL COMMENT 'batas nilai terendah',
  `nilaihuruf` varchar(2) NOT NULL COMMENT 'nilai huruf diperoleh'
) ENGINE=InnoDB DEFAULT CHARSET=latin1 COLLATE=latin1_swedish_ci COMMENT='range nilai';

-- --------------------------------------------------------

--
-- Table structure for table `mruang`
--

CREATE TABLE `mruang` (
  `koderuang` varchar(10) NOT NULL COMMENT 'kode ruang',
  `namaruang` varchar(30) NOT NULL COMMENT 'nama ruang',
  `kapasitasruang` int(3) NOT NULL COMMENT 'kapasitas',
  `jenisruang` varchar(1) NOT NULL COMMENT 'jenis ruang (k,p,l) kuliah,praktikum,lab)',
  `statusruang` varchar(1) NOT NULL COMMENT 'kosong,terpakai,rusak,n=tdk-digunakan'
) ENGINE=InnoDB DEFAULT CHARSET=latin1 COLLATE=latin1_swedish_ci COMMENT='ruang kuliah Dan praktikum';

-- --------------------------------------------------------

--
-- Table structure for table `mthnak`
--

CREATE TABLE `mthnak` (
  `idthn` varchar(3) NOT NULL COMMENT 'id tahun akademik',
  `tahunakad` varchar(4) NOT NULL COMMENT 'tahun akademik',
  `kettahunakad` varchar(50) NOT NULL,
  `jenissemester` varchar(1) NOT NULL COMMENT 'jenis semester  1=gasal 2=genap'
) ENGINE=InnoDB DEFAULT CHARSET=latin1 COLLATE=latin1_swedish_ci COMMENT='tahun akademik';

--
-- Dumping data for table `mthnak`
--

INSERT INTO `mthnak` (`idthn`, `tahunakad`, `kettahunakad`, `jenissemester`) VALUES
('231', '2023', '2023/2024 SEMESTER GASAL', '1'),
('232', '2023', '2023/2024 SEMESTER GENAP', '2');

-- --------------------------------------------------------

--
-- Table structure for table `mtksyr`
--

CREATE TABLE `mtksyr` (
  `idmtkutama` varchar(15) NOT NULL COMMENT 'kode matakuliah',
  `idmtksyarat` varchar(15) NOT NULL COMMENT 'kode matakuliah prasyarat'
) ENGINE=InnoDB DEFAULT CHARSET=latin1 COLLATE=latin1_swedish_ci COMMENT='matakuliah prasyarat';

-- --------------------------------------------------------

--
-- Table structure for table `muser`
--

CREATE TABLE `muser` (
  `userid` varchar(15) NOT NULL COMMENT 'user Id',
  `username` varchar(50) NOT NULL COMMENT 'nama user',
  `userpasw` varchar(10) NOT NULL COMMENT 'password',
  `userstat` varchar(1) NOT NULL COMMENT 's=super admin, a=admin  m=mahasiswa  d=dosen',
  `userimg` longtext NOT NULL DEFAULT 'user.png',
  `usertoken` text NOT NULL
) ENGINE=InnoDB DEFAULT CHARSET=latin1 COLLATE=latin1_swedish_ci COMMENT='data user';

--
-- Dumping data for table `muser`
--

INSERT INTO `muser` (`userid`, `username`, `userpasw`, `userstat`, `userimg`, `usertoken`) VALUES
('IT', 'SUPER ADMIN', 'ADMIN', 'S', 'user.png', '');

-- --------------------------------------------------------

--
-- Table structure for table `tkelas`
--

CREATE TABLE `tkelas` (
  `idkelas` varchar(20) NOT NULL COMMENT 'kode kelas (thnakd+idmtk+a..Z)',
  `idmtkkls` varchar(15) NOT NULL,
  `idthnkls` varchar(3) NOT NULL,
  `iddosenkelas` varchar(10) NOT NULL,
  `kapasitaskelas` int(3) NOT NULL COMMENT 'kapasitas kelas',
  `jumpeserta` int(3) NOT NULL COMMENT 'jumlah peserta',
  `koderuangkelas` varchar(10) NOT NULL COMMENT 'kode ruang kelas',
  `koderuangprak` varchar(10) NOT NULL COMMENT 'kode ruang praktikum',
  `jammulaikelas` varchar(5) NOT NULL COMMENT 'Jam mulai kelas',
  `jamselesaikelas` varchar(5) NOT NULL COMMENT 'Jam selesai kelas'
) ENGINE=InnoDB DEFAULT CHARSET=latin1 COLLATE=latin1_swedish_ci COMMENT='matakuliah/kelas ditawarkan';

-- --------------------------------------------------------

--
-- Table structure for table `tkhs`
--

CREATE TABLE `tkhs` (
  `idnimkls` varchar(15) NOT NULL COMMENT 'nomor induk',
  `idthnkhs` varchar(3) NOT NULL COMMENT 'tahun akademik',
  `totalskskrs` int(2) NOT NULL COMMENT 'total rencana Sks',
  `totalskskhs` int(2) NOT NULL COMMENT 'total Sks diperoleh',
  `ipsemester` double NOT NULL COMMENT 'ip semester'
) ENGINE=InnoDB DEFAULT CHARSET=latin1 COLLATE=latin1_swedish_ci COMMENT='hasil studi mahasiswa';

-- --------------------------------------------------------

--
-- Table structure for table `tkomnilbot`
--

CREATE TABLE `tkomnilbot` (
  `idkelasnil` varchar(20) NOT NULL COMMENT 'kode kelas',
  `kodepenilaian` varchar(1) NOT NULL COMMENT 'kode penilaian',
  `bobotprosen` double NOT NULL COMMENT 'bobot prosentase'
) ENGINE=InnoDB DEFAULT CHARSET=latin1 COLLATE=latin1_swedish_ci COMMENT='bobot komponen penilaian';

-- --------------------------------------------------------

--
-- Table structure for table `tkrs`
--

CREATE TABLE `tkrs` (
  `idnimkls` varchar(15) NOT NULL COMMENT 'nomor induk',
  `idkelaskrs` varchar(20) NOT NULL COMMENT 'kode kelas',
  `rwymtkmhs` varchar(1) NOT NULL COMMENT 'riwayat matakuliah (b=baru u=ulang)',
  `sksmtk` int(1) NOT NULL COMMENT 'S K S',
  `nilaikrs` varchar(2) NOT NULL COMMENT 'nilai Krs',
  `bobotnilai` double NOT NULL COMMENT 'bobot nilai'
) ENGINE=InnoDB DEFAULT CHARSET=latin1 COLLATE=latin1_swedish_ci COMMENT='rencana studi mahasiswa';

-- --------------------------------------------------------

--
-- Table structure for table `tnilstd`
--

CREATE TABLE `tnilstd` (
  `idthnnil` varchar(3) NOT NULL COMMENT 'id tahun akademik',
  `idnimnil` varchar(15) NOT NULL COMMENT 'nomor induk',
  `idmtknil` varchar(15) NOT NULL COMMENT 'kode matakul',
  `nilaiangka` double NOT NULL COMMENT 'total nilai angka diperoleh',
  `nilaihuruf` varchar(2) NOT NULL COMMENT 'nilai huruf diperoleh'
) ENGINE=InnoDB DEFAULT CHARSET=latin1 COLLATE=latin1_swedish_ci COMMENT='rekap komponen penilaian';

-- --------------------------------------------------------

--
-- Table structure for table `transkrip`
--

CREATE TABLE `transkrip` (
  `idnimtrn` varchar(15) NOT NULL COMMENT 'nomor induk',
  `idmtktrn` varchar(15) NOT NULL COMMENT 'kode matakul',
  `nilaihuruf` varchar(2) NOT NULL COMMENT 'nilai huruf transkrip',
  `skstranskrip` int(3) NOT NULL COMMENT 'S K S',
  `bobotnilai` double NOT NULL COMMENT 'nilai bobot Sks',
  `idthnniltrn` varchar(3) NOT NULL COMMENT 'tahun akademik nilai diperoleh'
) ENGINE=InnoDB DEFAULT CHARSET=latin1 COLLATE=latin1_swedish_ci COMMENT='transkrip nilai';

-- --------------------------------------------------------

--
-- Table structure for table `transrekap`
--

CREATE TABLE `transrekap` (
  `idnimtrn` varchar(15) NOT NULL COMMENT 'nomor induk',
  `totalsks` int(3) NOT NULL COMMENT 'total Sks transkrip',
  `ipkum` double NOT NULL COMMENT 'ip kumulatif',
  `thnlulus` varchar(10) NOT NULL COMMENT 'tahun kelulusan',
  `judulskripsi` varchar(200) NOT NULL COMMENT 'judul skripsi'
) ENGINE=InnoDB DEFAULT CHARSET=latin1 COLLATE=latin1_swedish_ci COMMENT='rekap transkrip';

--
-- Indexes for dumped tables
--

--
-- Indexes for table `matkul`
--
ALTER TABLE `matkul`
  ADD PRIMARY KEY (`idmtk`);

--
-- Indexes for table `mdosen`
--
ALTER TABLE `mdosen`
  ADD PRIMARY KEY (`iddosen`);

--
-- Indexes for table `mdsnmtk`
--
ALTER TABLE `mdsnmtk`
  ADD PRIMARY KEY (`iddosenmtk`);

--
-- Indexes for table `mfakul`
--
ALTER TABLE `mfakul`
  ADD PRIMARY KEY (`idfak`);

--
-- Indexes for table `mhiden`
--
ALTER TABLE `mhiden`
  ADD KEY `mhiden01` (`idnim`);

--
-- Indexes for table `mhsbio`
--
ALTER TABLE `mhsbio`
  ADD PRIMARY KEY (`idnim`);

--
-- Indexes for table `mhsprf`
--
ALTER TABLE `mhsprf`
  ADD PRIMARY KEY (`idnim`);

--
-- Indexes for table `midenpt`
--
ALTER TABLE `midenpt`
  ADD PRIMARY KEY (`ptjenis`);

--
-- Indexes for table `mjnsmtk`
--
ALTER TABLE `mjnsmtk`
  ADD PRIMARY KEY (`idjenis`);

--
-- Indexes for table `mkomnil`
--
ALTER TABLE `mkomnil`
  ADD PRIMARY KEY (`kodepenilaian`);

--
-- Indexes for table `mkurikulum`
--
ALTER TABLE `mkurikulum`
  ADD PRIMARY KEY (`idkuri`);

--
-- Indexes for table `mmenu`
--
ALTER TABLE `mmenu`
  ADD PRIMARY KEY (`kodemenu`);

--
-- Indexes for table `mmodul`
--
ALTER TABLE `mmodul`
  ADD PRIMARY KEY (`kodemodul`);

--
-- Indexes for table `mprodi`
--
ALTER TABLE `mprodi`
  ADD PRIMARY KEY (`idprodi`);

--
-- Indexes for table `mruang`
--
ALTER TABLE `mruang`
  ADD PRIMARY KEY (`koderuang`);

--
-- Indexes for table `mthnak`
--
ALTER TABLE `mthnak`
  ADD PRIMARY KEY (`idthn`);

--
-- Indexes for table `mtksyr`
--
ALTER TABLE `mtksyr`
  ADD PRIMARY KEY (`idmtkutama`,`idmtksyarat`);

--
-- Indexes for table `muser`
--
ALTER TABLE `muser`
  ADD PRIMARY KEY (`userid`);

--
-- Indexes for table `tkelas`
--
ALTER TABLE `tkelas`
  ADD PRIMARY KEY (`idkelas`);

--
-- Indexes for table `tkhs`
--
ALTER TABLE `tkhs`
  ADD PRIMARY KEY (`idnimkls`,`idthnkhs`);

--
-- Indexes for table `tkomnilbot`
--
ALTER TABLE `tkomnilbot`
  ADD KEY `tkomnilbot01` (`idkelasnil`,`kodepenilaian`);

--
-- Indexes for table `tkrs`
--
ALTER TABLE `tkrs`
  ADD PRIMARY KEY (`idnimkls`,`idkelaskrs`);

--
-- Indexes for table `tnilstd`
--
ALTER TABLE `tnilstd`
  ADD PRIMARY KEY (`idthnnil`,`idnimnil`,`idmtknil`);

--
-- Indexes for table `transrekap`
--
ALTER TABLE `transrekap`
  ADD PRIMARY KEY (`idnimtrn`);
COMMIT;

/*!40101 SET CHARACTER_SET_CLIENT=@OLD_CHARACTER_SET_CLIENT */;
/*!40101 SET CHARACTER_SET_RESULTS=@OLD_CHARACTER_SET_RESULTS */;
/*!40101 SET COLLATION_CONNECTION=@OLD_COLLATION_CONNECTION */;
